frame,worker_id,helmet,vest,mask,status
1,3,False,False,False,MONITORING
1,5,True,False,False,MONITORING
1,6,False,False,False,MONITORING
2,3,False,False,False,MONITORING
2,5,True,False,False,MONITORING
2,6,False,False,False,MONITORING
3,3,False,False,False,NO HARDHAT | NO SAFETY VEST
3,5,True,False,False,MONITORING
3,6,False,False,False,MONITORING
4,3,False,False,False,NO HARDHAT | NO SAFETY VEST
4,5,True,False,False,NO SAFETY VEST
5,3,False,False,False,NO HARDHAT | NO SAFETY VEST
5,5,True,False,False,NO SAFETY VEST
6,3,False,False,False,NO HARDHAT | NO SAFETY VEST
6,5,True,False,False,NO SAFETY VEST
7,3,False,False,False,NO HARDHAT | NO SAFETY VEST
7,5,True,False,False,NO SAFETY VEST
8,3,False,False,False,NO HARDHAT | NO SAFETY VEST
8,5,True,False,False,NO HARDHAT
9,3,False,False,False,NO HARDHAT | NO SAFETY VEST
9,5,True,False,False,NO HARDHAT
10,3,False,False,False,NO HARDHAT | NO SAFETY VEST
10,5,True,False,False,NO HARDHAT
10,6,False,False,False,MONITORING
11,3,False,False,False,NO HARDHAT | NO SAFETY VEST
11,5,True,False,False,NO HARDHAT
12,3,False,False,False,NO HARDHAT | NO SAFETY VEST
12,5,False,False,False,NO HARDHAT
13,3,False,False,False,NO HARDHAT | NO SAFETY VEST
13,5,False,False,False,MONITORING
13,6,False,False,False,MONITORING
14,3,False,False,False,NO HARDHAT | NO SAFETY VEST
14,5,False,False,False,MONITORING
15,3,False,False,False,NO HARDHAT | NO SAFETY VEST
15,5,False,False,False,MONITORING
16,3,False,False,False,NO HARDHAT | NO SAFETY VEST
16,5,True,False,False,MONITORING
17,3,False,False,False,NO HARDHAT | NO SAFETY VEST
17,5,True,False,False,MONITORING
18,3,False,False,False,NO HARDHAT | NO SAFETY VEST
18,5,True,False,False,MONITORING
19,3,False,False,False,NO HARDHAT | NO SAFETY VEST
19,5,True,False,False,NO SAFETY VEST
20,3,False,False,False,NO HARDHAT | NO SAFETY VEST
20,5,True,False,False,NO SAFETY VEST
21,3,False,False,False,NO HARDHAT | NO SAFETY VEST
21,5,True,False,False,NO SAFETY VEST
22,3,False,False,False,NO HARDHAT | NO SAFETY VEST
22,5,True,False,False,NO SAFETY VEST
23,3,False,False,False,NO HARDHAT | NO SAFETY VEST
23,5,True,False,False,NO SAFETY VEST
24,3,False,False,False,NO HARDHAT | NO SAFETY VEST
24,5,True,False,False,NO SAFETY VEST
25,3,False,False,False,NO HARDHAT | NO SAFETY VEST
25,5,True,False,False,NO SAFETY VEST
26,3,False,False,False,NO HARDHAT | NO SAFETY VEST
26,5,True,False,False,NO SAFETY VEST
27,3,False,False,False,NO HARDHAT | NO SAFETY VEST
27,5,True,False,False,NO SAFETY VEST
28,3,False,False,False,NO HARDHAT | NO SAFETY VEST
28,5,True,False,False,NO SAFETY VEST
29,3,False,False,False,NO HARDHAT | NO SAFETY VEST | NO MASK
29,5,True,False,False,NO SAFETY VEST
30,3,False,False,False,NO HARDHAT | NO SAFETY VEST | NO MASK
30,5,True,False,False,NO SAFETY VEST
31,3,False,False,False,NO HARDHAT | NO SAFETY VEST | NO MASK
31,5,True,False,False,NO SAFETY VEST
31,6,False,False,False,MONITORING
32,3,False,False,False,NO HARDHAT | NO SAFETY VEST | NO MASK
32,5,True,False,False,MONITORING
32,6,False,False,False,MONITORING
33,3,False,False,False,NO HARDHAT | NO SAFETY VEST | NO MASK
33,5,True,False,False,MONITORING
33,6,False,False,False,MONITORING
34,3,False,False,False,NO HARDHAT | NO SAFETY VEST | NO MASK
34,5,True,False,False,MONITORING
34,6,False,False,False,MONITORING
35,3,False,False,False,NO HARDHAT | NO SAFETY VEST | NO MASK
35,5,True,False,False,MONITORING
36,3,False,False,False,NO HARDHAT | NO SAFETY VEST | NO MASK
36,5,True,False,False,NO SAFETY VEST
36,6,False,False,False,MONITORING
37,3,False,False,False,NO HARDHAT | NO SAFETY VEST | NO MASK
37,5,True,False,False,NO SAFETY VEST
38,3,False,False,False,NO HARDHAT | NO SAFETY VEST | NO MASK
38,5,True,False,False,NO SAFETY VEST
39,3,False,False,False,NO HARDHAT | NO SAFETY VEST | NO MASK
39,5,True,False,False,MONITORING
40,3,False,False,False,NO HARDHAT | NO SAFETY VEST | NO MASK
40,5,True,False,False,MONITORING
41,3,False,False,False,NO HARDHAT | NO SAFETY VEST | NO MASK
41,5,True,False,False,MONITORING
42,3,False,False,False,NO HARDHAT | NO SAFETY VEST | NO MASK
42,5,True,False,False,MONITORING
43,3,False,False,False,NO HARDHAT | NO SAFETY VEST | NO MASK
43,5,True,False,False,MONITORING
44,3,False,False,False,NO HARDHAT | NO SAFETY VEST | NO MASK
44,5,True,False,False,MONITORING
45,3,False,False,False,NO HARDHAT | NO SAFETY VEST | NO MASK
45,5,True,False,False,MONITORING
46,3,False,False,False,NO HARDHAT | NO SAFETY VEST | NO MASK
46,5,True,False,False,MONITORING
47,3,False,False,False,NO HARDHAT | NO SAFETY VEST | NO MASK
47,5,True,False,False,NO SAFETY VEST | NO MASK
48,3,False,False,False,NO HARDHAT | NO SAFETY VEST | NO MASK
48,5,True,False,False,NO SAFETY VEST | NO MASK
49,3,False,False,False,NO HARDHAT | NO SAFETY VEST | NO MASK
49,5,True,False,False,NO SAFETY VEST | NO MASK
50,3,False,False,False,NO HARDHAT | NO SAFETY VEST | NO MASK
50,5,True,False,False,NO SAFETY VEST | NO MASK
50,6,False,False,False,MONITORING
51,3,False,False,False,NO HARDHAT | NO SAFETY VEST | NO MASK
51,5,True,False,False,NO SAFETY VEST | NO MASK
51,29,False,False,False,MONITORING
52,3,False,False,False,NO HARDHAT | NO SAFETY VEST | NO MASK
52,5,True,False,False,NO SAFETY VEST
52,29,False,False,False,MONITORING
53,3,False,False,False,NO HARDHAT | NO SAFETY VEST | NO MASK
53,5,True,False,False,NO SAFETY VEST
53,29,False,False,False,MONITORING
54,3,False,False,False,NO HARDHAT | NO SAFETY VEST | NO MASK
54,5,True,False,False,NO SAFETY VEST
54,29,False,False,False,MONITORING
55,3,False,False,False,NO HARDHAT | NO SAFETY VEST | NO MASK
55,5,True,False,False,NO SAFETY VEST
55,29,False,False,False,MONITORING
56,3,False,False,False,NO HARDHAT | NO SAFETY VEST | NO MASK
56,5,True,False,False,NO SAFETY VEST | NO MASK
57,3,False,False,False,NO HARDHAT | NO SAFETY VEST | NO MASK
57,5,True,False,False,NO SAFETY VEST | NO MASK
58,3,False,False,False,NO HARDHAT | NO SAFETY VEST
58,5,True,False,False,NO SAFETY VEST | NO MASK
59,3,False,False,False,NO HARDHAT | NO SAFETY VEST
59,5,True,False,False,NO SAFETY VEST | NO MASK
60,3,False,False,False,NO HARDHAT | NO SAFETY VEST
60,5,True,False,False,NO SAFETY VEST | NO MASK
61,3,False,False,False,NO HARDHAT | NO SAFETY VEST
61,5,True,False,False,NO SAFETY VEST | NO MASK
62,3,False,False,False,NO HARDHAT | NO SAFETY VEST
62,5,True,False,False,NO SAFETY VEST | NO MASK
63,3,False,False,False,NO HARDHAT | NO SAFETY VEST
63,5,True,False,False,NO SAFETY VEST
64,3,False,False,False,NO HARDHAT | NO SAFETY VEST
64,5,True,False,False,NO SAFETY VEST
65,3,False,False,False,NO HARDHAT | NO SAFETY VEST | NO MASK
65,5,True,False,False,NO SAFETY VEST
66,3,False,False,False,NO HARDHAT | NO SAFETY VEST | NO MASK
66,5,True,False,False,MONITORING
67,3,False,False,False,NO HARDHAT | NO SAFETY VEST | NO MASK
67,5,True,False,False,MONITORING
67,33,False,False,False,MONITORING
68,3,False,False,False,NO HARDHAT | NO SAFETY VEST
68,5,True,False,False,MONITORING
68,33,False,False,False,MONITORING
69,3,False,False,False,NO HARDHAT | NO SAFETY VEST
69,5,True,False,False,MONITORING
69,33,False,False,False,NO SAFETY VEST
69,29,False,False,False,MONITORING
70,3,False,False,False,NO HARDHAT | NO SAFETY VEST
70,5,True,False,False,MONITORING
70,33,False,False,False,NO SAFETY VEST
70,29,False,False,False,MONITORING
71,3,False,False,False,NO HARDHAT | NO SAFETY VEST
71,5,True,False,False,MONITORING
72,3,False,False,False,NO HARDHAT | NO SAFETY VEST
72,5,True,False,False,MONITORING
72,33,False,False,False,NO SAFETY VEST
73,3,False,False,False,NO HARDHAT | NO SAFETY VEST
73,5,True,False,False,MONITORING
73,33,False,False,False,NO SAFETY VEST
74,3,False,False,False,NO HARDHAT | NO SAFETY VEST
74,5,True,False,False,MONITORING
74,33,False,False,False,NO SAFETY VEST
75,3,False,False,False,NO HARDHAT | NO SAFETY VEST
75,5,True,False,False,NO SAFETY VEST
75,33,False,False,False,NO SAFETY VEST
76,3,False,False,False,NO HARDHAT | NO SAFETY VEST
76,5,True,False,False,MONITORING
76,33,False,False,False,NO SAFETY VEST
77,3,False,False,False,NO HARDHAT | NO SAFETY VEST
77,5,True,False,False,MONITORING
77,33,False,False,False,NO SAFETY VEST
78,3,False,False,False,NO HARDHAT | NO SAFETY VEST
78,5,True,False,False,MONITORING
78,33,True,False,False,MONITORING
79,3,False,False,False,NO HARDHAT | NO SAFETY VEST
79,5,True,False,False,MONITORING
79,33,True,False,False,MONITORING
79,29,False,False,False,MONITORING
80,3,False,False,False,NO HARDHAT | NO SAFETY VEST
80,5,True,False,False,MONITORING
80,33,True,False,False,MONITORING
80,29,False,False,False,MONITORING
81,3,False,False,False,NO HARDHAT | NO SAFETY VEST
81,5,True,False,False,MONITORING
81,33,True,False,False,MONITORING
81,29,False,False,False,MONITORING
82,3,False,False,False,NO HARDHAT | NO SAFETY VEST
82,5,True,False,False,MONITORING
82,33,True,False,False,MONITORING
82,29,False,False,False,MONITORING
83,3,False,False,False,NO HARDHAT | NO SAFETY VEST
83,5,True,False,False,MONITORING
83,33,False,False,False,MONITORING
83,29,False,False,False,MONITORING
84,3,False,False,False,NO HARDHAT | NO SAFETY VEST
84,5,True,False,False,MONITORING
84,33,False,False,False,MONITORING
84,29,False,False,False,MONITORING
85,3,False,False,False,NO HARDHAT | NO SAFETY VEST
85,5,True,False,False,MONITORING
85,33,False,False,False,MONITORING
85,29,False,False,False,MONITORING
86,3,False,False,False,NO HARDHAT | NO SAFETY VEST
86,5,True,False,False,MONITORING
86,33,False,False,False,MONITORING
86,29,False,False,False,MONITORING
86,44,False,False,False,MONITORING
87,3,False,False,False,NO HARDHAT | NO SAFETY VEST
87,5,True,False,False,MONITORING
87,33,False,False,False,MONITORING
87,29,False,False,False,MONITORING
88,3,False,False,False,NO HARDHAT | NO SAFETY VEST
88,5,True,False,False,NO SAFETY VEST
88,33,False,False,False,NO SAFETY VEST
88,29,False,False,False,MONITORING
88,44,False,False,False,MONITORING
89,3,False,False,False,NO HARDHAT | NO SAFETY VEST
89,5,True,False,False,NO SAFETY VEST
89,33,False,False,False,NO SAFETY VEST
89,29,False,False,False,MONITORING
90,3,False,False,False,NO HARDHAT | NO SAFETY VEST
90,5,True,False,False,NO SAFETY VEST
90,33,False,False,False,NO SAFETY VEST
90,29,False,False,False,MONITORING
90,44,False,False,False,NO SAFETY VEST
91,3,False,False,False,NO HARDHAT | NO SAFETY VEST
91,5,True,False,False,NO SAFETY VEST
91,33,False,False,False,NO SAFETY VEST
91,29,False,False,False,MONITORING
92,3,False,False,False,NO HARDHAT | NO SAFETY VEST
92,5,True,False,False,NO SAFETY VEST
92,33,False,False,False,NO SAFETY VEST
92,29,False,False,False,MONITORING
93,3,False,False,False,NO HARDHAT | NO SAFETY VEST
93,5,True,False,False,NO SAFETY VEST
93,33,False,False,False,NO SAFETY VEST
93,29,False,False,False,MONITORING
94,3,False,False,False,NO HARDHAT | NO SAFETY VEST
94,5,True,False,False,NO SAFETY VEST
94,33,False,False,False,NO SAFETY VEST
94,29,False,False,False,MONITORING
95,3,False,False,False,NO HARDHAT | NO SAFETY VEST
95,5,True,False,False,NO SAFETY VEST
95,33,False,False,False,NO SAFETY VEST
95,29,False,False,False,MONITORING
96,3,False,False,False,NO HARDHAT | NO SAFETY VEST | NO MASK
96,5,True,False,False,NO SAFETY VEST
96,33,False,False,False,NO SAFETY VEST
96,29,False,False,False,MONITORING
97,3,False,False,False,NO HARDHAT | NO SAFETY VEST | NO MASK
97,5,True,False,False,NO SAFETY VEST
97,33,False,False,False,NO SAFETY VEST
97,29,False,False,False,MONITORING
98,3,False,False,False,NO HARDHAT | NO SAFETY VEST | NO MASK
98,5,True,False,False,NO SAFETY VEST
98,33,False,False,False,NO SAFETY VEST
98,29,False,False,False,MONITORING
99,3,False,False,False,NO HARDHAT | NO SAFETY VEST
99,5,True,False,False,MONITORING
99,33,False,False,False,MONITORING
99,29,False,False,False,MONITORING
100,3,False,False,False,NO HARDHAT | NO SAFETY VEST
100,5,True,False,False,MONITORING
100,33,False,False,False,MONITORING
100,29,False,False,False,MONITORING
101,3,False,False,False,NO HARDHAT | NO SAFETY VEST
101,5,True,False,False,MONITORING
101,33,False,False,False,MONITORING
101,29,False,False,False,MONITORING
102,3,False,False,False,NO HARDHAT | NO SAFETY VEST
102,5,True,False,False,NO SAFETY VEST
102,33,False,False,False,MONITORING
102,29,False,False,False,MONITORING
103,3,False,False,False,NO HARDHAT | NO SAFETY VEST
103,5,True,False,False,NO SAFETY VEST
103,33,False,False,False,NO SAFETY VEST
103,29,False,False,False,MONITORING
104,3,False,False,False,NO HARDHAT | NO SAFETY VEST
104,5,True,False,False,NO SAFETY VEST
104,33,False,False,False,NO SAFETY VEST
105,3,False,False,False,NO HARDHAT | NO SAFETY VEST
105,5,True,False,False,NO SAFETY VEST
105,33,False,False,False,NO SAFETY VEST
105,29,False,False,False,MONITORING
106,3,False,False,False,NO HARDHAT | NO SAFETY VEST
106,5,True,False,False,NO SAFETY VEST
106,29,False,False,False,MONITORING
107,3,False,False,False,NO HARDHAT | NO SAFETY VEST
107,5,True,False,False,NO SAFETY VEST
107,29,False,False,False,MONITORING
107,33,False,False,False,NO SAFETY VEST
108,3,False,False,False,NO HARDHAT | NO SAFETY VEST
108,5,True,False,False,NO SAFETY VEST
108,29,False,False,False,MONITORING
108,44,False,False,False,NO SAFETY VEST
109,3,False,False,False,NO HARDHAT | NO SAFETY VEST
109,5,True,False,False,NO SAFETY VEST
109,29,False,False,False,MONITORING
109,44,False,False,False,NO SAFETY VEST
110,3,False,False,False,NO HARDHAT | NO SAFETY VEST
110,5,True,False,False,NO SAFETY VEST
110,29,False,False,False,MONITORING
110,33,False,False,False,NO SAFETY VEST
111,3,False,False,False,NO HARDHAT | NO SAFETY VEST
111,5,True,False,False,NO SAFETY VEST
111,33,False,False,False,NO SAFETY VEST
112,3,False,False,False,NO HARDHAT | NO SAFETY VEST
112,5,True,False,False,NO SAFETY VEST
113,3,False,False,False,NO HARDHAT | NO SAFETY VEST
113,5,True,False,False,NO SAFETY VEST
113,33,False,False,False,NO SAFETY VEST
114,3,False,False,False,NO HARDHAT | NO SAFETY VEST
114,5,True,False,False,NO SAFETY VEST
115,3,False,False,False,NO HARDHAT | NO SAFETY VEST
115,5,True,False,False,NO SAFETY VEST
116,3,False,False,False,NO HARDHAT | NO SAFETY VEST
116,5,True,False,False,NO SAFETY VEST | NO MASK
117,3,False,False,False,NO HARDHAT | NO SAFETY VEST
117,5,True,False,False,NO SAFETY VEST | NO MASK
118,3,False,False,False,NO HARDHAT | NO SAFETY VEST
118,5,True,False,False,NO SAFETY VEST | NO MASK
119,3,False,False,False,NO HARDHAT | NO SAFETY VEST
119,5,True,False,False,NO SAFETY VEST | NO MASK
120,3,False,False,False,NO HARDHAT | NO SAFETY VEST
120,5,True,False,False,NO SAFETY VEST | NO MASK
121,3,False,False,False,NO HARDHAT | NO SAFETY VEST
121,5,True,False,False,NO SAFETY VEST | NO MASK
122,3,False,False,False,NO HARDHAT | NO SAFETY VEST
122,5,True,False,False,NO SAFETY VEST | NO MASK
123,3,False,False,False,NO HARDHAT | NO SAFETY VEST
123,5,True,False,False,NO SAFETY VEST | NO MASK
124,3,False,False,False,NO HARDHAT | NO SAFETY VEST
124,5,True,False,False,NO SAFETY VEST | NO MASK
125,3,False,False,False,NO HARDHAT | NO SAFETY VEST
125,5,True,False,False,NO SAFETY VEST | NO MASK
126,3,False,False,False,NO HARDHAT | NO SAFETY VEST
126,5,True,False,False,NO SAFETY VEST | NO MASK
127,3,False,False,False,NO HARDHAT | NO SAFETY VEST
127,5,True,False,False,NO SAFETY VEST | NO MASK
128,3,False,False,False,NO HARDHAT | NO SAFETY VEST
128,5,True,False,False,NO SAFETY VEST
129,3,False,False,False,NO HARDHAT | NO SAFETY VEST
129,5,True,False,False,NO SAFETY VEST
130,3,False,False,False,NO HARDHAT | NO SAFETY VEST
130,5,True,False,False,NO SAFETY VEST
131,3,False,False,False,NO HARDHAT | NO SAFETY VEST
131,5,True,False,False,NO HARDHAT | NO SAFETY VEST | NO MASK
132,3,False,False,False,NO HARDHAT | NO SAFETY VEST
132,5,True,False,False,NO HARDHAT | NO SAFETY VEST | NO MASK
133,3,False,False,False,NO HARDHAT | NO SAFETY VEST
133,5,True,False,False,NO HARDHAT | NO SAFETY VEST | NO MASK
134,3,False,False,False,NO HARDHAT | NO SAFETY VEST
134,5,True,False,False,NO HARDHAT | NO SAFETY VEST | NO MASK
135,3,False,False,False,NO HARDHAT | NO SAFETY VEST
135,5,True,False,False,NO HARDHAT | NO SAFETY VEST | NO MASK
135,64,True,False,False,MONITORING
136,3,False,False,False,NO HARDHAT | NO SAFETY VEST
136,5,True,False,False,NO HARDHAT | NO SAFETY VEST | NO MASK
136,29,False,False,False,MONITORING
137,3,False,False,False,NO HARDHAT | NO SAFETY VEST
137,5,True,False,False,NO HARDHAT | NO SAFETY VEST | NO MASK
137,29,False,False,False,MONITORING
138,3,False,False,False,NO HARDHAT | NO SAFETY VEST
138,5,True,False,False,NO HARDHAT | NO SAFETY VEST | NO MASK
139,3,False,False,False,NO HARDHAT | NO SAFETY VEST
139,5,True,False,False,NO HARDHAT | NO SAFETY VEST | NO MASK
139,64,True,False,False,MONITORING
139,29,False,False,False,MONITORING
140,3,False,False,False,NO HARDHAT | NO SAFETY VEST
140,64,True,False,False,NO SAFETY VEST | NO MASK
140,29,False,False,False,MONITORING
141,3,False,False,False,NO HARDHAT | NO SAFETY VEST
141,64,True,False,False,NO HARDHAT | NO SAFETY VEST | NO MASK
141,29,False,False,False,MONITORING
141,5,True,False,False,NO HARDHAT | NO SAFETY VEST | NO MASK
142,3,False,False,False,NO HARDHAT | NO SAFETY VEST
142,64,True,False,False,NO HARDHAT | NO SAFETY VEST | NO MASK
142,29,False,False,False,MONITORING
142,5,True,False,False,NO HARDHAT | NO SAFETY VEST | NO MASK
143,3,False,False,False,NO HARDHAT | NO SAFETY VEST
143,64,True,False,False,NO HARDHAT | NO SAFETY VEST | NO MASK
143,29,False,False,False,MONITORING
144,3,False,False,False,NO HARDHAT | NO SAFETY VEST
144,64,True,False,False,NO HARDHAT | NO SAFETY VEST | NO MASK
144,29,False,False,False,MONITORING
145,3,False,False,False,NO HARDHAT | NO SAFETY VEST
145,29,False,False,False,MONITORING
145,5,True,False,False,NO SAFETY VEST | NO MASK
146,3,False,False,False,NO HARDHAT | NO SAFETY VEST
146,29,False,False,False,MONITORING
146,5,True,False,False,NO SAFETY VEST | NO MASK
147,3,False,False,False,NO HARDHAT | NO SAFETY VEST
147,29,False,False,False,MONITORING
147,5,True,False,False,NO SAFETY VEST | NO MASK
147,64,True,False,False,NO HARDHAT | NO SAFETY VEST | NO MASK
148,3,False,False,False,NO HARDHAT | NO SAFETY VEST
148,64,True,False,False,NO HARDHAT | NO SAFETY VEST | NO MASK
149,3,False,False,False,NO HARDHAT | NO SAFETY VEST
149,64,True,False,False,NO HARDHAT | NO SAFETY VEST | NO MASK
149,5,True,False,False,NO SAFETY VEST | NO MASK
150,3,False,False,False,NO HARDHAT | NO SAFETY VEST
150,64,True,False,False,NO HARDHAT | NO SAFETY VEST | NO MASK
151,3,False,False,False,NO HARDHAT | NO SAFETY VEST
151,64,True,False,False,NO HARDHAT | NO SAFETY VEST | NO MASK
152,3,False,False,False,NO HARDHAT | NO SAFETY VEST
152,64,True,False,False,NO HARDHAT | NO SAFETY VEST | NO MASK
153,3,False,False,False,NO HARDHAT | NO SAFETY VEST
153,64,True,False,False,NO HARDHAT | NO SAFETY VEST | NO MASK
154,3,False,False,False,NO HARDHAT | NO SAFETY VEST
154,5,True,False,False,NO SAFETY VEST | NO MASK
155,3,False,False,False,NO HARDHAT | NO SAFETY VEST
155,5,True,False,False,NO SAFETY VEST | NO MASK
156,3,False,False,False,NO HARDHAT | NO SAFETY VEST
156,5,True,False,False,NO SAFETY VEST | NO MASK
157,3,False,False,False,NO HARDHAT | NO SAFETY VEST
157,64,True,False,False,NO HARDHAT | NO SAFETY VEST | NO MASK
158,3,False,False,False,NO HARDHAT | NO SAFETY VEST
158,5,True,False,False,NO SAFETY VEST | NO MASK
159,3,False,False,False,NO HARDHAT | NO SAFETY VEST
159,5,True,False,False,NO HARDHAT | NO SAFETY VEST | NO MASK
160,3,False,False,False,NO HARDHAT | NO SAFETY VEST
160,64,True,False,False,NO HARDHAT | NO SAFETY VEST | NO MASK
161,3,False,False,False,NO HARDHAT | NO SAFETY VEST
161,64,True,False,False,NO HARDHAT | NO SAFETY VEST | NO MASK
162,3,False,False,False,NO HARDHAT | NO SAFETY VEST
162,64,True,False,False,NO HARDHAT | NO SAFETY VEST | NO MASK
163,3,False,False,False,NO HARDHAT | NO SAFETY VEST
163,64,True,False,False,NO HARDHAT | NO SAFETY VEST | NO MASK
164,3,False,False,False,NO HARDHAT | NO SAFETY VEST
164,64,True,False,False,NO HARDHAT | NO SAFETY VEST | NO MASK
165,3,False,False,False,NO HARDHAT | NO SAFETY VEST
165,64,True,False,False,NO HARDHAT | NO SAFETY VEST | NO MASK
165,74,False,False,False,MONITORING
166,3,False,False,False,NO HARDHAT | NO SAFETY VEST
166,74,False,False,False,MONITORING
166,5,True,False,False,NO HARDHAT | NO SAFETY VEST | NO MASK
167,74,False,False,False,MONITORING
167,5,True,False,False,NO HARDHAT | NO SAFETY VEST | NO MASK
168,74,False,False,False,MONITORING
168,5,True,False,False,NO HARDHAT | NO SAFETY VEST | NO MASK
168,3,False,False,False,NO HARDHAT | NO SAFETY VEST
169,74,False,False,False,MONITORING
169,5,True,False,False,NO HARDHAT | NO SAFETY VEST
169,3,False,False,False,NO HARDHAT | NO SAFETY VEST
170,74,False,False,False,MONITORING
170,5,True,False,False,NO SAFETY VEST
170,3,False,False,False,NO HARDHAT | NO SAFETY VEST
171,74,False,False,False,MONITORING
171,5,True,False,False,NO SAFETY VEST
171,3,False,False,False,NO HARDHAT | NO SAFETY VEST
172,74,False,False,False,MONITORING
172,5,True,False,False,NO SAFETY VEST
173,74,False,False,False,MONITORING
173,5,True,False,False,NO SAFETY VEST
174,74,False,False,False,MONITORING
174,5,True,False,False,NO SAFETY VEST
174,3,False,False,False,NO HARDHAT | NO SAFETY VEST
175,5,True,False,False,NO SAFETY VEST
176,5,True,False,False,NO SAFETY VEST
177,5,True,False,False,NO SAFETY VEST
177,3,False,False,False,NO HARDHAT | NO SAFETY VEST
178,5,True,False,False,NO HARDHAT | NO SAFETY VEST | NO MASK
178,3,False,False,False,NO HARDHAT | NO SAFETY VEST
179,5,True,False,False,NO HARDHAT | NO SAFETY VEST | NO MASK
179,3,False,False,False,NO HARDHAT | NO SAFETY VEST | NO MASK
180,5,True,False,False,NO HARDHAT | NO SAFETY VEST | NO MASK
180,3,False,False,False,NO HARDHAT | NO SAFETY VEST | NO MASK
181,5,True,False,False,NO HARDHAT | NO SAFETY VEST | NO MASK
181,3,False,False,False,NO HARDHAT | NO SAFETY VEST
182,5,True,False,False,NO HARDHAT | NO SAFETY VEST | NO MASK
183,5,True,False,False,NO HARDHAT | NO SAFETY VEST | NO MASK
184,5,True,False,False,NO HARDHAT | NO SAFETY VEST | NO MASK
184,3,False,False,False,NO HARDHAT | NO SAFETY VEST
185,5,True,False,False,NO HARDHAT | NO SAFETY VEST | NO MASK
185,3,False,False,False,NO HARDHAT | NO SAFETY VEST
186,5,True,False,False,NO HARDHAT | NO SAFETY VEST | NO MASK
186,3,False,False,False,NO HARDHAT | NO SAFETY VEST
187,5,True,False,False,NO SAFETY VEST
188,5,True,False,False,NO SAFETY VEST
189,5,True,False,False,NO SAFETY VEST
190,5,True,False,False,NO SAFETY VEST
191,5,True,False,False,NO SAFETY VEST | NO MASK
191,3,False,False,False,NO HARDHAT | NO SAFETY VEST
191,64,True,False,False,NO HARDHAT | NO SAFETY VEST | NO MASK
192,5,True,False,False,NO HARDHAT | NO SAFETY VEST | NO MASK
192,64,False,False,False,NO HARDHAT | NO SAFETY VEST | NO MASK
192,3,False,False,False,NO HARDHAT | NO SAFETY VEST
192,64,True,False,False,NO SAFETY VEST
193,5,True,False,False,NO HARDHAT | NO SAFETY VEST | NO MASK
193,64,False,False,False,NO SAFETY VEST
193,3,False,False,False,NO HARDHAT | NO SAFETY VEST
193,64,True,False,False,NO SAFETY VEST
194,5,True,False,False,NO HARDHAT | NO SAFETY VEST | NO MASK
194,64,False,False,False,NO SAFETY VEST
194,3,False,False,False,NO HARDHAT | NO SAFETY VEST
194,64,True,False,False,NO SAFETY VEST
195,5,True,False,False,NO HARDHAT | NO SAFETY VEST | NO MASK
195,64,False,False,False,NO SAFETY VEST
195,3,False,False,False,NO HARDHAT | NO SAFETY VEST
195,64,True,False,False,NO SAFETY VEST
196,64,False,False,False,NO SAFETY VEST
196,3,False,False,False,NO HARDHAT | NO SAFETY VEST
196,64,True,False,False,NO SAFETY VEST
197,64,False,False,False,NO SAFETY VEST
197,3,False,False,False,NO HARDHAT | NO SAFETY VEST
197,64,True,False,False,NO SAFETY VEST
198,3,False,False,False,NO HARDHAT | NO SAFETY VEST
198,64,True,False,False,NO SAFETY VEST
199,3,False,False,False,NO HARDHAT | NO SAFETY VEST
199,64,True,False,False,NO SAFETY VEST
200,3,False,False,False,NO HARDHAT | NO SAFETY VEST
200,64,True,False,False,NO SAFETY VEST
201,3,False,False,False,NO HARDHAT | NO SAFETY VEST
201,64,True,False,False,NO SAFETY VEST
202,3,False,False,False,NO HARDHAT | NO SAFETY VEST
202,64,True,False,False,NO SAFETY VEST
202,5,True,False,False,NO HARDHAT | NO SAFETY VEST | NO MASK
203,3,False,False,False,NO HARDHAT | NO SAFETY VEST
203,64,True,False,False,NO SAFETY VEST
203,64,False,False,False,NO SAFETY VEST
204,3,False,False,False,NO HARDHAT | NO SAFETY VEST
204,64,True,False,False,NO SAFETY VEST
204,5,True,False,False,NO HARDHAT | NO SAFETY VEST | NO MASK
205,3,False,False,False,NO HARDHAT | NO SAFETY VEST
205,5,True,False,False,NO HARDHAT | NO SAFETY VEST | NO MASK
206,3,False,False,False,NO HARDHAT | NO SAFETY VEST
206,64,True,False,False,NO SAFETY VEST
207,3,False,False,False,NO HARDHAT | NO SAFETY VEST
207,64,True,False,False,NO SAFETY VEST
208,3,False,False,False,NO HARDHAT | NO SAFETY VEST
208,64,True,False,False,NO SAFETY VEST
209,3,False,False,False,NO HARDHAT | NO SAFETY VEST
209,64,True,False,False,NO SAFETY VEST
210,3,False,False,False,NO HARDHAT | NO SAFETY VEST
210,64,True,False,False,NO SAFETY VEST
211,3,False,False,False,NO HARDHAT | NO SAFETY VEST
211,5,True,False,False,NO HARDHAT | NO SAFETY VEST | NO MASK
212,3,False,False,False,NO HARDHAT | NO SAFETY VEST
212,5,True,False,False,NO HARDHAT | NO SAFETY VEST
213,3,False,False,False,NO HARDHAT | NO SAFETY VEST
213,5,True,False,False,NO HARDHAT | NO SAFETY VEST
214,3,False,False,False,NO HARDHAT | NO SAFETY VEST
214,5,True,False,False,NO HARDHAT | NO SAFETY VEST
215,3,False,False,False,NO HARDHAT | NO SAFETY VEST
215,5,True,False,False,NO HARDHAT | NO SAFETY VEST
216,3,False,False,False,NO HARDHAT | NO SAFETY VEST
216,5,True,False,False,NO HARDHAT | NO SAFETY VEST
217,3,False,False,False,NO HARDHAT | NO SAFETY VEST
217,5,True,False,False,NO HARDHAT | NO SAFETY VEST
218,3,False,False,False,NO HARDHAT | NO SAFETY VEST
218,5,True,False,False,NO HARDHAT | NO SAFETY VEST
219,3,False,False,False,NO HARDHAT | NO SAFETY VEST
219,5,True,False,False,NO HARDHAT | NO SAFETY VEST
220,3,False,False,False,NO HARDHAT | NO SAFETY VEST
220,5,True,False,False,NO HARDHAT | NO SAFETY VEST | NO MASK
221,3,False,False,False,NO HARDHAT | NO SAFETY VEST
221,5,True,False,False,NO HARDHAT | NO SAFETY VEST
222,3,False,False,False,NO HARDHAT | NO SAFETY VEST
222,5,True,False,False,NO HARDHAT | NO SAFETY VEST
223,3,False,False,False,NO HARDHAT | NO SAFETY VEST
223,5,True,False,False,NO HARDHAT | NO SAFETY VEST
224,3,False,False,False,NO HARDHAT | NO SAFETY VEST
224,5,True,False,False,NO HARDHAT | NO SAFETY VEST | NO MASK
225,3,False,False,False,NO HARDHAT | NO SAFETY VEST
225,5,False,False,False,NO HARDHAT | NO SAFETY VEST
226,3,False,False,False,NO HARDHAT | NO SAFETY VEST
226,5,True,False,False,NO HARDHAT | NO SAFETY VEST
227,3,False,False,False,NO HARDHAT | NO SAFETY VEST
227,5,True,False,False,NO SAFETY VEST
228,3,False,False,False,NO HARDHAT | NO SAFETY VEST
228,5,True,False,False,NO SAFETY VEST
228,64,True,False,False,NO SAFETY VEST
229,3,False,False,False,NO HARDHAT | NO SAFETY VEST
229,5,True,False,False,NO SAFETY VEST
230,3,False,False,False,NO HARDHAT | NO SAFETY VEST
230,5,True,False,False,NO SAFETY VEST
231,3,False,False,False,NO HARDHAT | NO SAFETY VEST
231,5,True,False,False,NO SAFETY VEST
232,3,False,False,False,NO HARDHAT | NO SAFETY VEST
232,5,True,False,False,NO SAFETY VEST
233,3,False,False,False,NO HARDHAT | NO SAFETY VEST
233,5,True,False,False,NO SAFETY VEST
234,3,False,False,False,NO HARDHAT | NO SAFETY VEST
234,5,True,False,False,NO SAFETY VEST
235,3,False,False,False,NO HARDHAT | NO SAFETY VEST
235,5,True,False,False,NO SAFETY VEST
236,3,False,False,False,NO HARDHAT | NO SAFETY VEST
236,5,True,False,False,NO SAFETY VEST
237,5,True,False,False,NO HARDHAT | NO SAFETY VEST
238,5,True,False,False,NO HARDHAT | NO SAFETY VEST
239,5,True,False,False,NO HARDHAT | NO SAFETY VEST | NO MASK
239,3,False,False,False,NO HARDHAT | NO SAFETY VEST
240,5,True,False,False,NO HARDHAT | NO SAFETY VEST | NO MASK
240,3,False,False,False,NO HARDHAT | NO SAFETY VEST
241,5,True,False,False,NO HARDHAT | NO SAFETY VEST | NO MASK
241,3,False,False,False,NO HARDHAT | NO SAFETY VEST
241,64,False,False,False,NO SAFETY VEST
242,5,True,False,False,NO HARDHAT | NO SAFETY VEST
242,3,False,False,False,NO HARDHAT | NO SAFETY VEST
242,64,False,False,False,NO SAFETY VEST
243,5,True,False,False,NO HARDHAT | NO SAFETY VEST
243,3,False,False,False,NO HARDHAT | NO SAFETY VEST
243,64,False,False,False,MONITORING
244,5,True,False,False,NO HARDHAT | NO SAFETY VEST
244,3,False,False,False,NO HARDHAT | NO SAFETY VEST
245,5,True,False,False,NO HARDHAT | NO SAFETY VEST
245,3,False,False,False,NO HARDHAT | NO SAFETY VEST
246,5,True,False,False,NO HARDHAT | NO SAFETY VEST
246,3,False,False,False,NO HARDHAT | NO SAFETY VEST
247,5,True,False,False,NO HARDHAT | NO SAFETY VEST
247,3,False,False,False,NO HARDHAT | NO SAFETY VEST
248,5,True,False,False,NO HARDHAT | NO SAFETY VEST
248,3,False,False,False,NO HARDHAT | NO SAFETY VEST
249,5,True,False,False,NO HARDHAT | NO SAFETY VEST
249,3,False,False,False,NO HARDHAT | NO SAFETY VEST
250,5,True,False,False,NO HARDHAT | NO SAFETY VEST
250,3,False,False,False,NO HARDHAT | NO SAFETY VEST
251,5,True,False,False,NO HARDHAT | NO SAFETY VEST | NO MASK
251,3,False,False,False,NO HARDHAT | NO SAFETY VEST
252,5,True,False,False,NO HARDHAT | NO SAFETY VEST | NO MASK
252,3,False,False,False,NO HARDHAT | NO SAFETY VEST
253,5,True,False,False,NO HARDHAT | NO MASK
253,3,False,False,False,NO HARDHAT | NO SAFETY VEST
254,5,True,False,False,NO HARDHAT | NO MASK
254,3,False,False,False,NO HARDHAT | NO SAFETY VEST
255,5,True,False,False,NO HARDHAT | NO MASK
255,3,False,False,False,NO HARDHAT | NO SAFETY VEST
256,5,True,False,False,NO HARDHAT | NO MASK
256,3,False,False,False,NO HARDHAT | NO SAFETY VEST
257,5,True,False,False,NO HARDHAT
257,3,False,False,False,NO HARDHAT | NO SAFETY VEST
258,5,True,False,False,MONITORING
258,3,False,False,False,NO HARDHAT | NO SAFETY VEST
259,5,True,False,False,MONITORING
259,3,False,False,False,NO HARDHAT | NO SAFETY VEST
260,5,True,False,False,NO SAFETY VEST
260,3,False,False,False,NO HARDHAT | NO SAFETY VEST
261,5,True,False,False,NO SAFETY VEST
261,3,False,False,False,NO HARDHAT | NO SAFETY VEST
262,5,True,False,False,NO SAFETY VEST
262,3,False,False,False,NO HARDHAT | NO SAFETY VEST
263,5,True,False,False,NO SAFETY VEST
263,3,False,False,False,NO HARDHAT | NO SAFETY VEST
264,5,True,False,False,NO SAFETY VEST
264,3,False,False,False,NO HARDHAT | NO SAFETY VEST
265,5,True,False,False,NO SAFETY VEST
265,3,False,False,False,NO HARDHAT | NO SAFETY VEST
266,5,True,False,False,NO SAFETY VEST
266,3,False,False,False,NO HARDHAT | NO SAFETY VEST
267,5,True,False,False,NO SAFETY VEST
267,3,False,False,False,NO HARDHAT | NO SAFETY VEST
268,5,True,False,False,NO SAFETY VEST
268,3,False,False,False,NO HARDHAT | NO SAFETY VEST
269,5,True,False,False,NO SAFETY VEST
269,3,False,False,False,NO HARDHAT | NO SAFETY VEST
270,5,True,False,False,NO SAFETY VEST
270,3,False,False,False,NO HARDHAT | NO SAFETY VEST
271,5,True,False,False,NO SAFETY VEST
271,3,False,False,False,NO HARDHAT | NO SAFETY VEST
272,5,True,False,False,NO SAFETY VEST
272,3,False,False,False,NO HARDHAT | NO SAFETY VEST
273,5,True,False,False,NO SAFETY VEST
273,3,False,False,False,NO HARDHAT | NO SAFETY VEST
274,5,True,False,False,NO SAFETY VEST
274,3,False,False,False,NO HARDHAT | NO SAFETY VEST
274,115,False,False,False,MONITORING
275,5,True,False,False,NO SAFETY VEST
275,3,False,False,False,NO HARDHAT | NO SAFETY VEST
275,115,False,False,False,MONITORING
276,5,True,False,False,NO SAFETY VEST
276,3,False,False,False,NO HARDHAT | NO SAFETY VEST
276,115,False,False,False,MONITORING
277,5,True,False,False,NO SAFETY VEST
277,3,False,False,False,NO HARDHAT | NO SAFETY VEST
277,115,False,False,False,MONITORING
278,5,True,False,False,NO SAFETY VEST
278,3,False,False,False,NO HARDHAT | NO SAFETY VEST
278,115,False,False,False,MONITORING
279,5,True,False,False,MONITORING
279,3,False,False,False,NO HARDHAT | NO SAFETY VEST
279,115,False,False,False,MONITORING
280,5,True,False,False,MONITORING
280,3,False,False,False,NO HARDHAT | NO SAFETY VEST
280,115,False,False,False,MONITORING
281,5,True,False,False,MONITORING
281,3,False,False,False,NO HARDHAT | NO SAFETY VEST
282,5,True,False,False,MONITORING
282,3,False,False,False,NO HARDHAT | NO SAFETY VEST
283,5,True,False,False,NO SAFETY VEST
283,3,False,False,False,NO HARDHAT | NO SAFETY VEST
283,115,False,False,False,MONITORING
284,5,True,False,False,NO SAFETY VEST
284,3,False,False,False,NO HARDHAT | NO SAFETY VEST
284,115,False,False,False,MONITORING
285,5,True,False,False,NO SAFETY VEST
285,3,False,False,False,NO HARDHAT | NO SAFETY VEST
285,115,False,False,False,MONITORING
286,5,True,False,False,MONITORING
286,3,False,False,False,NO HARDHAT | NO SAFETY VEST
286,115,False,False,False,MONITORING
287,5,True,False,False,MONITORING
287,3,False,False,False,NO HARDHAT | NO SAFETY VEST
287,115,False,False,False,MONITORING
288,5,True,False,False,MONITORING
288,3,False,False,False,NO HARDHAT | NO SAFETY VEST
288,115,False,False,False,MONITORING
289,5,True,False,False,MONITORING
289,3,False,False,False,NO HARDHAT | NO SAFETY VEST
289,115,False,False,False,MONITORING
290,5,True,False,False,MONITORING
290,3,False,False,False,NO HARDHAT | NO SAFETY VEST
290,115,False,False,False,MONITORING
291,5,True,False,False,MONITORING
291,3,False,False,False,NO HARDHAT | NO SAFETY VEST
291,115,False,False,False,MONITORING
292,5,True,False,False,MONITORING
292,3,False,False,False,NO HARDHAT | NO SAFETY VEST
292,115,False,False,False,MONITORING
293,5,True,False,False,MONITORING
293,3,False,False,False,NO HARDHAT | NO SAFETY VEST
293,115,False,False,False,MONITORING
294,5,True,False,False,MONITORING
294,3,False,False,False,NO HARDHAT | NO SAFETY VEST
294,115,False,False,False,NO SAFETY VEST
295,5,True,False,False,MONITORING
295,3,False,False,False,NO HARDHAT | NO SAFETY VEST
295,115,False,False,False,NO SAFETY VEST
296,5,True,False,False,MONITORING
296,3,False,False,False,NO HARDHAT | NO SAFETY VEST
296,115,False,False,False,NO SAFETY VEST
297,5,True,False,False,MONITORING
297,3,False,False,False,NO HARDHAT | NO SAFETY VEST
297,115,False,False,False,NO SAFETY VEST
298,5,True,False,False,MONITORING
298,3,False,False,False,NO HARDHAT | NO SAFETY VEST
299,5,True,False,False,MONITORING
299,3,False,False,False,NO HARDHAT | NO SAFETY VEST
300,5,True,False,False,NO SAFETY VEST
300,3,False,False,False,NO HARDHAT | NO SAFETY VEST
301,5,True,False,False,NO SAFETY VEST
301,3,False,False,False,NO HARDHAT | NO SAFETY VEST
302,5,True,False,False,NO SAFETY VEST
302,3,False,False,False,NO HARDHAT | NO SAFETY VEST
303,5,True,False,False,NO SAFETY VEST
303,3,False,False,False,NO HARDHAT | NO SAFETY VEST
304,5,True,False,False,NO SAFETY VEST
304,3,False,False,False,NO HARDHAT | NO SAFETY VEST
305,5,True,False,False,NO SAFETY VEST
305,3,False,False,False,NO HARDHAT | NO SAFETY VEST
306,5,True,False,False,NO SAFETY VEST
306,3,False,False,False,NO HARDHAT | NO SAFETY VEST
307,5,True,False,False,NO SAFETY VEST
307,3,False,False,False,NO HARDHAT | NO SAFETY VEST
308,5,True,False,False,NO SAFETY VEST
308,3,False,False,False,NO HARDHAT | NO SAFETY VEST
309,5,True,False,False,NO SAFETY VEST
309,3,False,False,False,NO HARDHAT | NO SAFETY VEST
310,5,True,False,False,NO SAFETY VEST
310,3,False,False,False,NO HARDHAT | NO SAFETY VEST
311,5,True,False,False,NO SAFETY VEST
311,3,False,False,False,NO HARDHAT | NO SAFETY VEST
312,5,True,False,False,NO SAFETY VEST
312,3,False,False,False,NO HARDHAT | NO SAFETY VEST
313,5,True,False,False,MONITORING
313,3,False,False,False,NO HARDHAT | NO SAFETY VEST
314,5,True,False,False,MONITORING
314,3,False,False,False,NO HARDHAT | NO SAFETY VEST
315,5,True,False,False,MONITORING
315,3,False,False,False,NO HARDHAT | NO SAFETY VEST
316,5,True,False,False,MONITORING
316,3,False,False,False,NO HARDHAT | NO SAFETY VEST
317,5,True,False,False,MONITORING
317,3,False,False,False,NO HARDHAT | NO SAFETY VEST
317,138,False,False,False,MONITORING
318,5,True,False,False,NO MASK
318,3,False,False,False,NO HARDHAT | NO SAFETY VEST
319,5,True,False,False,NO MASK
319,3,False,False,False,NO HARDHAT | NO SAFETY VEST
320,5,True,False,False,NO MASK
320,3,False,False,False,NO HARDHAT | NO SAFETY VEST
321,5,True,False,False,NO MASK
321,3,False,False,False,NO HARDHAT | NO SAFETY VEST
321,115,False,False,False,MONITORING
322,5,True,False,False,NO MASK
322,3,False,False,False,NO HARDHAT | NO SAFETY VEST
323,5,True,False,False,NO MASK
323,3,False,False,False,NO HARDHAT | NO SAFETY VEST
323,115,False,False,False,MONITORING
323,138,False,False,False,MONITORING
324,5,True,False,False,NO MASK
324,3,False,False,False,NO HARDHAT | NO SAFETY VEST
325,5,True,False,False,NO MASK
325,3,False,False,False,NO HARDHAT | NO SAFETY VEST
326,5,True,False,False,NO MASK
326,3,False,False,False,NO HARDHAT | NO SAFETY VEST
327,5,True,False,False,NO MASK
327,3,False,False,False,NO HARDHAT | NO SAFETY VEST
327,115,False,False,False,MONITORING
328,5,True,False,False,NO MASK
328,3,False,False,False,NO HARDHAT | NO SAFETY VEST
328,115,False,False,False,MONITORING
329,5,True,False,False,NO MASK
329,3,False,False,False,NO HARDHAT | NO SAFETY VEST
330,5,True,False,False,NO MASK
330,3,False,False,False,NO HARDHAT | NO SAFETY VEST | NO MASK
331,5,True,False,False,NO MASK
331,3,False,False,False,NO HARDHAT | NO SAFETY VEST | NO MASK
332,5,True,False,False,NO SAFETY VEST | NO MASK
332,3,False,False,False,NO HARDHAT | NO SAFETY VEST | NO MASK
332,115,False,False,False,MONITORING
333,5,True,False,False,NO SAFETY VEST | NO MASK
333,3,False,False,False,NO HARDHAT | NO SAFETY VEST | NO MASK
334,5,True,False,False,NO SAFETY VEST | NO MASK
334,3,False,False,False,NO HARDHAT | NO SAFETY VEST | NO MASK
335,5,True,False,False,NO SAFETY VEST | NO MASK
335,3,False,False,False,NO HARDHAT | NO SAFETY VEST | NO MASK
336,5,True,False,False,NO SAFETY VEST | NO MASK
336,3,False,False,False,NO HARDHAT | NO SAFETY VEST | NO MASK
337,5,True,False,False,NO SAFETY VEST | NO MASK
337,3,False,False,False,NO HARDHAT | NO SAFETY VEST
338,5,True,False,False,NO SAFETY VEST | NO MASK
338,3,False,False,False,NO HARDHAT | NO SAFETY VEST
339,5,True,False,False,NO SAFETY VEST | NO MASK
339,3,False,False,False,NO HARDHAT | NO SAFETY VEST
340,5,True,False,False,NO SAFETY VEST | NO MASK
340,3,False,False,False,NO HARDHAT | NO SAFETY VEST
341,5,True,False,False,NO SAFETY VEST | NO MASK
341,3,False,False,False,NO HARDHAT | NO SAFETY VEST
342,5,True,False,False,NO SAFETY VEST | NO MASK
342,3,False,False,False,NO HARDHAT | NO SAFETY VEST
343,5,True,False,False,NO SAFETY VEST | NO MASK
343,3,False,False,False,NO HARDHAT | NO SAFETY VEST
344,5,True,False,False,NO SAFETY VEST | NO MASK
344,3,False,False,False,NO HARDHAT | NO SAFETY VEST
345,5,True,False,False,NO SAFETY VEST | NO MASK
345,3,False,False,False,NO HARDHAT | NO SAFETY VEST
346,5,True,False,False,NO SAFETY VEST | NO MASK
346,3,False,False,False,NO HARDHAT | NO SAFETY VEST
347,5,True,False,False,NO SAFETY VEST | NO MASK
347,3,False,False,False,NO HARDHAT | NO SAFETY VEST
348,5,True,False,False,NO SAFETY VEST | NO MASK
348,3,False,False,False,NO HARDHAT | NO SAFETY VEST
349,5,True,False,False,NO SAFETY VEST
349,3,False,False,False,NO HARDHAT | NO SAFETY VEST
350,5,True,False,False,NO SAFETY VEST
350,3,False,False,False,NO HARDHAT | NO SAFETY VEST
351,5,True,False,False,NO SAFETY VEST
351,3,False,False,False,NO HARDHAT | NO SAFETY VEST
352,5,True,False,False,NO SAFETY VEST
352,3,False,False,False,NO HARDHAT | NO SAFETY VEST
353,5,True,False,False,NO SAFETY VEST | NO MASK
353,3,False,False,False,NO HARDHAT | NO SAFETY VEST
354,5,True,False,False,NO SAFETY VEST | NO MASK
354,3,False,False,False,NO HARDHAT | NO SAFETY VEST
355,5,True,False,False,NO SAFETY VEST | NO MASK
355,3,False,False,False,NO HARDHAT | NO SAFETY VEST
356,5,True,False,False,NO SAFETY VEST | NO MASK
356,3,False,False,False,NO HARDHAT | NO SAFETY VEST
357,5,True,False,False,NO SAFETY VEST | NO MASK
357,3,False,False,False,NO HARDHAT | NO SAFETY VEST
358,5,True,False,False,NO SAFETY VEST | NO MASK
358,3,False,False,False,NO HARDHAT | NO SAFETY VEST
359,5,True,False,False,NO SAFETY VEST | NO MASK
359,3,False,False,False,NO HARDHAT | NO SAFETY VEST
360,5,True,False,False,NO SAFETY VEST | NO MASK
360,3,False,False,False,NO HARDHAT | NO SAFETY VEST
361,5,True,False,False,NO SAFETY VEST | NO MASK
361,3,False,False,False,NO HARDHAT | NO SAFETY VEST
362,5,True,False,False,NO SAFETY VEST | NO MASK
362,3,False,False,False,NO HARDHAT | NO SAFETY VEST
362,149,False,False,False,MONITORING
363,5,True,False,False,NO SAFETY VEST
363,3,False,False,False,NO HARDHAT | NO SAFETY VEST
363,149,False,False,False,MONITORING
363,150,False,False,False,MONITORING
364,5,True,False,False,NO SAFETY VEST
364,3,False,False,False,NO HARDHAT | NO SAFETY VEST
364,149,False,False,False,NO SAFETY VEST
365,5,True,False,False,NO SAFETY VEST
365,3,False,False,False,NO HARDHAT | NO SAFETY VEST
365,149,False,False,False,NO SAFETY VEST
366,5,True,False,False,NO SAFETY VEST
366,3,False,False,False,NO HARDHAT | NO SAFETY VEST
367,5,True,False,False,NO SAFETY VEST
367,3,False,False,False,NO HARDHAT | NO SAFETY VEST
368,5,True,False,False,NO SAFETY VEST
368,3,False,False,False,NO HARDHAT | NO SAFETY VEST
368,149,False,False,False,NO SAFETY VEST
369,5,True,False,False,NO SAFETY VEST
369,3,False,False,False,NO HARDHAT | NO SAFETY VEST
369,149,False,False,False,NO SAFETY VEST
370,5,True,False,False,NO SAFETY VEST
370,3,False,False,False,NO HARDHAT | NO SAFETY VEST
370,149,False,False,False,NO SAFETY VEST
371,5,True,False,False,NO SAFETY VEST
371,3,False,False,False,NO HARDHAT | NO SAFETY VEST
371,150,False,False,False,MONITORING
372,5,True,False,False,NO SAFETY VEST
372,3,False,False,False,NO HARDHAT | NO SAFETY VEST
372,149,False,False,False,NO SAFETY VEST
373,5,True,False,False,NO SAFETY VEST
373,3,False,False,False,NO HARDHAT | NO SAFETY VEST
373,150,False,False,False,MONITORING
374,5,True,False,False,NO SAFETY VEST
374,3,False,False,False,NO HARDHAT | NO SAFETY VEST
374,149,False,False,False,NO SAFETY VEST
375,5,True,False,False,NO SAFETY VEST
375,3,False,False,False,NO HARDHAT | NO SAFETY VEST
375,149,False,False,False,MONITORING
376,5,True,False,False,NO SAFETY VEST
376,3,False,False,False,NO HARDHAT | NO SAFETY VEST
376,149,False,False,False,MONITORING
377,5,True,False,False,MONITORING
377,3,False,False,False,NO HARDHAT | NO SAFETY VEST
377,149,False,False,False,MONITORING
378,5,True,False,False,MONITORING
378,3,False,False,False,NO HARDHAT | NO SAFETY VEST
378,149,False,False,False,MONITORING
379,5,True,False,False,MONITORING
379,3,False,False,False,NO HARDHAT | NO SAFETY VEST
379,149,False,False,False,MONITORING
380,5,True,False,False,MONITORING
380,3,False,False,False,NO HARDHAT | NO SAFETY VEST
380,149,False,False,False,MONITORING
381,5,True,False,False,MONITORING
381,3,False,False,False,NO HARDHAT | NO SAFETY VEST
381,149,False,False,False,NO SAFETY VEST
382,5,True,False,False,MONITORING
382,3,False,False,False,NO HARDHAT | NO SAFETY VEST
382,149,False,False,False,NO SAFETY VEST
383,5,True,False,False,MONITORING
383,3,False,False,False,NO HARDHAT | NO SAFETY VEST
383,149,False,False,False,NO SAFETY VEST
384,5,True,False,False,MONITORING
384,3,False,False,False,NO HARDHAT | NO SAFETY VEST
384,149,False,False,False,NO SAFETY VEST
385,5,True,False,False,MONITORING
385,3,False,False,False,NO HARDHAT | NO SAFETY VEST
385,149,False,False,False,NO SAFETY VEST
386,5,True,False,False,MONITORING
386,3,False,False,False,NO HARDHAT | NO SAFETY VEST
386,149,True,False,False,MONITORING
387,5,True,False,False,MONITORING
387,3,False,False,False,NO HARDHAT | NO SAFETY VEST
387,149,False,False,False,MONITORING
388,5,True,False,False,MONITORING
388,3,False,False,False,NO HARDHAT | NO SAFETY VEST
388,149,False,False,False,MONITORING
389,5,True,False,False,MONITORING
389,3,True,False,False,NO HARDHAT | NO SAFETY VEST
389,149,True,False,False,MONITORING
390,5,True,False,False,MONITORING
390,3,True,False,False,NO HARDHAT | NO SAFETY VEST
390,149,True,False,False,MONITORING
391,5,True,False,False,MONITORING
391,3,True,False,False,NO HARDHAT | NO SAFETY VEST
391,149,True,False,False,MONITORING
392,5,True,False,False,MONITORING
392,3,False,False,False,NO HARDHAT | NO SAFETY VEST | NO MASK
392,149,False,False,False,MONITORING
393,5,True,False,False,MONITORING
393,3,False,False,False,NO HARDHAT | NO SAFETY VEST | NO MASK
393,149,False,False,False,MONITORING
394,5,True,False,False,MONITORING
394,3,False,False,False,NO HARDHAT | NO SAFETY VEST | NO MASK
394,149,False,False,False,MONITORING
394,170,False,False,False,MONITORING
395,5,True,False,False,MONITORING
395,3,False,False,False,NO HARDHAT | NO SAFETY VEST | NO MASK
395,149,False,False,False,MONITORING
395,170,False,False,False,MONITORING
396,5,True,False,False,NO SAFETY VEST
396,3,False,False,False,NO HARDHAT | NO SAFETY VEST | NO MASK
396,149,False,False,False,MONITORING
397,5,True,False,False,NO SAFETY VEST
397,3,False,False,False,NO HARDHAT | NO SAFETY VEST | NO MASK
397,149,False,False,False,MONITORING
398,5,True,False,False,NO SAFETY VEST
398,3,False,False,False,NO HARDHAT | NO SAFETY VEST | NO MASK
398,149,False,False,False,MONITORING
399,5,True,False,False,NO SAFETY VEST
399,3,False,False,False,NO HARDHAT | NO SAFETY VEST | NO MASK
399,149,False,False,False,MONITORING
400,5,True,False,False,NO SAFETY VEST
400,3,False,False,False,NO HARDHAT | NO SAFETY VEST
400,149,False,False,False,MONITORING
401,5,True,False,False,NO SAFETY VEST
401,3,False,False,False,NO HARDHAT | NO SAFETY VEST
401,149,False,False,False,MONITORING
402,5,True,False,False,NO SAFETY VEST
402,3,False,False,False,NO HARDHAT | NO SAFETY VEST
402,149,False,False,False,MONITORING
403,5,True,False,False,NO SAFETY VEST
403,3,False,False,False,NO HARDHAT | NO SAFETY VEST
403,149,False,False,False,MONITORING
404,5,True,False,False,NO SAFETY VEST
404,3,False,False,False,NO HARDHAT | NO SAFETY VEST
404,149,False,False,False,MONITORING
405,5,True,False,False,NO SAFETY VEST
405,3,False,False,False,NO HARDHAT | NO SAFETY VEST
405,149,False,False,False,MONITORING
406,5,True,False,False,NO SAFETY VEST
406,3,False,False,False,NO HARDHAT | NO SAFETY VEST
406,149,False,False,False,MONITORING
407,5,True,False,False,NO SAFETY VEST
407,3,False,False,False,NO HARDHAT | NO SAFETY VEST
407,149,False,False,False,MONITORING
408,5,True,False,False,NO SAFETY VEST
408,3,False,False,False,NO HARDHAT | NO SAFETY VEST
408,149,False,False,False,MONITORING
409,5,True,False,False,NO SAFETY VEST
409,3,False,False,False,NO HARDHAT | NO SAFETY VEST
409,149,False,False,False,MONITORING
410,5,True,False,False,MONITORING
410,3,False,False,False,NO HARDHAT | NO SAFETY VEST
410,149,False,False,False,MONITORING
411,5,True,False,False,MONITORING
411,3,False,False,False,NO HARDHAT | NO SAFETY VEST
411,149,False,False,False,MONITORING
412,5,True,False,False,MONITORING
412,3,False,False,False,NO HARDHAT | NO SAFETY VEST
412,149,False,False,False,MONITORING
413,5,True,False,False,MONITORING
413,3,False,False,False,NO HARDHAT | NO SAFETY VEST
413,149,False,False,False,MONITORING
414,5,True,False,False,NO SAFETY VEST
414,3,False,False,False,NO HARDHAT | NO SAFETY VEST
414,149,False,False,False,MONITORING
415,5,True,False,False,NO SAFETY VEST
415,3,False,False,False,NO HARDHAT | NO SAFETY VEST
415,149,False,False,False,MONITORING
416,5,True,False,False,NO SAFETY VEST
416,3,False,False,False,NO HARDHAT | NO SAFETY VEST
416,149,False,False,False,MONITORING
417,5,True,False,False,NO SAFETY VEST
417,3,False,False,False,NO HARDHAT | NO SAFETY VEST
417,149,False,False,False,MONITORING
418,5,True,False,False,NO SAFETY VEST
418,3,False,False,False,NO HARDHAT | NO SAFETY VEST
419,5,True,False,False,MONITORING
419,3,False,False,False,NO HARDHAT | NO SAFETY VEST
420,5,True,False,False,MONITORING
420,3,False,False,False,NO HARDHAT | NO SAFETY VEST
420,183,False,False,False,MONITORING
421,5,True,False,False,MONITORING
421,3,False,False,False,NO HARDHAT | NO SAFETY VEST
421,183,False,False,False,MONITORING
422,5,True,False,False,MONITORING
422,3,False,False,False,NO HARDHAT | NO SAFETY VEST
422,183,False,False,False,MONITORING
423,5,True,False,False,MONITORING
423,3,False,False,False,NO HARDHAT | NO SAFETY VEST
423,183,False,False,False,MONITORING
424,5,True,False,False,MONITORING
424,3,False,False,False,NO HARDHAT | NO SAFETY VEST
425,5,True,False,False,MONITORING
425,3,False,False,False,NO HARDHAT | NO SAFETY VEST
426,5,True,False,False,MONITORING
426,3,False,False,False,NO HARDHAT | NO SAFETY VEST
427,5,True,False,False,MONITORING
427,3,False,False,False,NO HARDHAT | NO SAFETY VEST
428,5,True,False,False,MONITORING
428,3,False,False,False,NO HARDHAT | NO SAFETY VEST
429,5,True,False,False,MONITORING
429,3,False,False,False,NO HARDHAT | NO SAFETY VEST
430,5,True,False,False,NO SAFETY VEST
430,3,False,False,False,NO HARDHAT | NO SAFETY VEST
431,5,True,False,False,NO SAFETY VEST
431,3,False,False,False,NO HARDHAT | NO SAFETY VEST
432,5,True,False,False,NO SAFETY VEST
432,3,False,False,False,NO HARDHAT | NO SAFETY VEST
433,5,True,False,False,NO SAFETY VEST
433,3,False,False,False,NO HARDHAT | NO SAFETY VEST
434,5,True,False,False,NO SAFETY VEST
434,3,False,False,False,NO HARDHAT | NO SAFETY VEST
435,5,True,False,False,NO SAFETY VEST
435,3,False,False,False,NO HARDHAT | NO SAFETY VEST
436,5,True,False,False,NO SAFETY VEST
436,3,False,False,False,NO HARDHAT | NO SAFETY VEST
437,5,True,False,False,MONITORING
437,3,False,False,False,NO HARDHAT | NO SAFETY VEST
438,5,True,False,False,MONITORING
438,3,False,False,False,NO HARDHAT | NO SAFETY VEST
439,5,True,False,False,MONITORING
439,3,False,False,False,NO HARDHAT | NO SAFETY VEST
440,5,True,False,False,MONITORING
440,3,False,False,False,NO HARDHAT | NO SAFETY VEST
441,5,True,False,False,MONITORING
441,3,False,False,False,NO HARDHAT | NO SAFETY VEST
441,149,False,False,False,MONITORING
442,5,True,False,False,MONITORING
442,3,False,False,False,NO HARDHAT | NO SAFETY VEST
443,5,True,False,False,MONITORING
443,3,False,False,False,NO HARDHAT | NO SAFETY VEST
444,5,True,False,False,MONITORING
444,3,False,False,False,NO HARDHAT | NO SAFETY VEST
445,5,True,False,False,MONITORING
445,3,False,False,False,NO HARDHAT | NO SAFETY VEST
445,149,False,False,False,MONITORING
446,5,True,False,False,MONITORING
446,3,False,False,False,NO HARDHAT | NO SAFETY VEST
446,149,False,False,False,MONITORING
447,5,True,False,False,MONITORING
447,3,False,False,False,NO HARDHAT | NO SAFETY VEST
447,149,False,False,False,MONITORING
448,5,True,False,False,MONITORING
448,3,False,False,False,NO HARDHAT | NO SAFETY VEST
448,149,False,False,False,MONITORING
449,5,True,False,False,MONITORING
449,3,False,False,False,NO HARDHAT | NO SAFETY VEST
449,149,False,False,False,MONITORING
450,5,True,False,False,MONITORING
450,3,False,False,False,NO HARDHAT | NO SAFETY VEST
450,149,False,False,False,MONITORING
451,5,True,False,False,MONITORING
451,3,False,False,False,NO HARDHAT | NO SAFETY VEST
451,149,False,False,False,MONITORING
452,5,True,False,False,MONITORING
452,3,False,False,False,NO HARDHAT | NO SAFETY VEST
452,149,False,False,False,MONITORING
453,5,True,False,False,MONITORING
453,3,False,False,False,NO HARDHAT | NO SAFETY VEST
453,149,False,False,False,MONITORING
454,5,True,False,False,MONITORING
454,3,False,False,False,NO HARDHAT | NO SAFETY VEST
454,149,False,False,False,MONITORING
455,5,True,False,False,MONITORING
455,3,False,False,False,NO HARDHAT | NO SAFETY VEST
455,149,False,False,False,MONITORING
456,5,True,False,False,MONITORING
456,3,False,False,False,NO HARDHAT | NO SAFETY VEST
456,149,False,False,False,MONITORING
457,5,True,False,False,MONITORING
457,3,False,False,False,NO HARDHAT | NO SAFETY VEST
457,149,False,False,False,MONITORING
458,5,True,False,False,MONITORING
458,3,False,False,False,NO HARDHAT | NO SAFETY VEST
458,149,False,False,False,MONITORING
459,5,True,False,False,MONITORING
459,3,False,False,False,NO HARDHAT | NO SAFETY VEST
459,149,False,False,False,MONITORING
460,5,True,False,False,MONITORING
460,3,False,False,False,NO HARDHAT | NO SAFETY VEST
460,149,False,False,False,MONITORING
461,5,True,False,False,MONITORING
461,3,False,False,False,NO HARDHAT | NO SAFETY VEST
461,149,False,False,False,MONITORING
461,192,False,False,False,MONITORING
462,5,True,False,False,MONITORING
462,3,False,False,False,NO HARDHAT | NO SAFETY VEST
462,149,False,False,False,MONITORING
462,192,False,False,False,MONITORING
463,5,True,False,False,MONITORING
463,3,False,False,False,NO HARDHAT | NO SAFETY VEST
463,149,False,False,False,MONITORING
463,192,False,False,False,MONITORING
464,5,True,False,False,MONITORING
464,3,False,False,False,NO HARDHAT | NO SAFETY VEST
464,149,False,False,False,MONITORING
464,192,False,False,False,MONITORING
465,5,True,False,False,MONITORING
465,3,False,False,False,NO HARDHAT | NO SAFETY VEST
465,149,False,False,False,MONITORING
465,192,False,False,False,MONITORING
466,5,True,False,False,MONITORING
466,3,False,False,False,NO HARDHAT | NO SAFETY VEST
466,149,False,False,False,MONITORING
466,192,False,False,False,MONITORING
467,5,True,False,False,MONITORING
467,3,False,False,False,NO HARDHAT | NO SAFETY VEST
467,149,False,False,False,MONITORING
467,192,False,False,False,MONITORING
468,5,True,False,False,MONITORING
468,3,False,False,False,NO HARDHAT | NO SAFETY VEST
468,149,False,False,False,MONITORING
468,192,False,False,False,MONITORING
469,5,True,False,False,MONITORING
469,3,False,False,False,NO HARDHAT | NO SAFETY VEST
469,149,False,False,False,MONITORING
470,5,True,False,False,MONITORING
470,3,False,False,False,NO HARDHAT | NO SAFETY VEST
470,149,False,False,False,MONITORING
470,192,False,False,False,MONITORING
471,5,True,False,False,MONITORING
471,3,False,False,False,NO HARDHAT | NO SAFETY VEST
471,149,False,False,False,MONITORING
472,5,True,False,False,MONITORING
472,3,False,False,False,NO HARDHAT | NO SAFETY VEST
472,149,False,False,False,MONITORING
472,192,False,False,False,MONITORING
473,5,True,False,False,MONITORING
473,3,False,False,False,NO HARDHAT | NO SAFETY VEST
473,149,False,False,False,MONITORING
473,192,False,False,False,MONITORING
474,5,True,False,False,NO SAFETY VEST
474,3,False,False,False,NO HARDHAT | NO SAFETY VEST
474,149,False,False,False,MONITORING
475,5,True,False,False,NO SAFETY VEST
475,3,False,False,False,NO HARDHAT | NO SAFETY VEST | NO MASK
475,149,False,False,False,MONITORING
475,192,False,False,False,MONITORING
476,5,True,False,False,NO SAFETY VEST
476,3,False,False,False,NO HARDHAT | NO SAFETY VEST | NO MASK
476,149,False,False,False,MONITORING
476,192,False,False,False,MONITORING
477,5,True,False,False,NO SAFETY VEST
477,3,False,False,False,NO HARDHAT | NO SAFETY VEST | NO MASK
477,149,False,False,False,MONITORING
477,192,False,False,False,MONITORING
478,5,True,False,False,NO SAFETY VEST
478,3,False,False,False,NO HARDHAT | NO SAFETY VEST | NO MASK
478,149,False,False,False,MONITORING
478,192,False,False,False,MONITORING
479,5,True,False,False,NO SAFETY VEST
479,3,False,False,False,NO HARDHAT | NO SAFETY VEST | NO MASK
479,149,False,False,False,MONITORING
479,192,False,False,False,MONITORING
480,5,True,False,False,NO SAFETY VEST
480,3,False,False,False,NO HARDHAT | NO SAFETY VEST | NO MASK
480,149,False,False,False,MONITORING
480,192,False,False,False,MONITORING
481,5,True,False,False,NO SAFETY VEST
481,3,False,False,False,NO HARDHAT | NO SAFETY VEST | NO MASK
481,149,False,False,False,MONITORING
482,5,True,False,False,NO SAFETY VEST
482,3,False,False,False,NO HARDHAT | NO SAFETY VEST | NO MASK
482,149,False,False,False,MONITORING
483,5,True,False,False,NO SAFETY VEST
483,3,False,False,False,NO HARDHAT | NO SAFETY VEST | NO MASK
483,149,False,False,False,MONITORING
483,192,False,False,False,MONITORING
484,5,True,False,False,NO SAFETY VEST
484,3,False,False,False,NO HARDHAT | NO SAFETY VEST | NO MASK
484,149,False,False,False,MONITORING
484,192,False,False,False,MONITORING
485,5,True,False,False,NO SAFETY VEST
485,3,False,False,False,NO HARDHAT | NO SAFETY VEST | NO MASK
485,149,False,False,False,MONITORING
485,192,False,False,False,MONITORING
486,5,True,False,False,NO SAFETY VEST
486,3,False,False,False,NO HARDHAT | NO SAFETY VEST
486,149,False,False,False,MONITORING
486,192,False,False,False,MONITORING
487,5,True,False,False,NO SAFETY VEST
487,3,False,False,False,NO HARDHAT | NO SAFETY VEST
487,149,False,False,False,MONITORING
487,192,False,False,False,MONITORING
488,5,True,False,False,NO SAFETY VEST
488,3,False,False,False,NO HARDHAT | NO SAFETY VEST
488,149,False,False,False,MONITORING
488,192,False,False,False,MONITORING
489,5,True,False,False,NO SAFETY VEST
489,3,False,False,False,NO HARDHAT | NO SAFETY VEST
489,149,False,False,False,MONITORING
489,192,False,False,False,MONITORING
490,5,True,False,False,NO SAFETY VEST
490,3,False,False,False,NO HARDHAT | NO SAFETY VEST
490,149,False,False,False,MONITORING
490,192,False,False,False,MONITORING
491,5,True,False,False,NO SAFETY VEST
491,3,False,False,False,NO HARDHAT | NO SAFETY VEST
491,149,False,False,False,MONITORING
491,192,False,False,False,MONITORING
492,5,True,False,False,NO SAFETY VEST | NO MASK
492,3,False,False,False,NO HARDHAT | NO SAFETY VEST
492,149,False,False,False,MONITORING
492,192,False,False,False,MONITORING
493,5,True,False,False,NO SAFETY VEST | NO MASK
493,3,False,False,False,NO HARDHAT | NO SAFETY VEST
493,149,False,False,False,MONITORING
493,192,False,False,False,MONITORING
494,5,True,False,False,NO SAFETY VEST | NO MASK
494,3,False,False,False,NO HARDHAT | NO SAFETY VEST
494,149,False,False,False,MONITORING
494,192,False,False,False,MONITORING
495,5,True,False,False,NO SAFETY VEST | NO MASK
495,3,False,False,False,NO HARDHAT | NO SAFETY VEST
495,149,False,False,False,MONITORING
495,192,False,False,False,MONITORING
496,5,True,False,False,NO SAFETY VEST | NO MASK
496,3,False,False,False,NO HARDHAT | NO SAFETY VEST
496,149,True,False,False,MONITORING
496,192,False,False,False,MONITORING
497,5,True,False,False,NO SAFETY VEST | NO MASK
497,3,False,False,False,NO HARDHAT | NO SAFETY VEST
497,149,False,False,False,MONITORING
497,192,False,False,False,MONITORING
498,5,True,False,False,NO SAFETY VEST | NO MASK
498,3,False,False,False,NO HARDHAT | NO SAFETY VEST
498,149,False,False,False,MONITORING
498,192,False,False,False,MONITORING
499,5,True,False,False,NO SAFETY VEST | NO MASK
499,3,False,False,False,NO HARDHAT | NO SAFETY VEST | NO MASK
499,149,False,False,False,MONITORING
499,192,False,False,False,MONITORING
500,5,True,False,False,NO SAFETY VEST | NO MASK
500,3,False,False,False,NO HARDHAT | NO SAFETY VEST | NO MASK
500,149,False,False,False,MONITORING
500,192,False,False,False,MONITORING
500,213,False,False,False,MONITORING
501,5,True,False,False,NO SAFETY VEST | NO MASK
501,3,False,False,False,NO HARDHAT | NO SAFETY VEST | NO MASK
501,149,False,False,False,MONITORING
501,192,False,False,False,MONITORING
502,5,True,False,False,NO SAFETY VEST | NO MASK
502,3,False,False,False,NO HARDHAT | NO SAFETY VEST | NO MASK
502,149,False,False,False,MONITORING
502,192,False,False,False,MONITORING
503,5,True,False,False,NO SAFETY VEST | NO MASK
503,3,False,False,False,NO HARDHAT | NO SAFETY VEST | NO MASK
503,149,False,False,False,MONITORING
503,192,False,False,False,MONITORING
504,5,True,False,False,NO SAFETY VEST | NO MASK
504,3,False,False,False,NO HARDHAT | NO SAFETY VEST | NO MASK
504,149,False,False,False,MONITORING
504,192,False,False,False,NO SAFETY VEST
505,5,True,False,False,NO SAFETY VEST | NO MASK
505,3,False,False,False,NO HARDHAT | NO SAFETY VEST | NO MASK
505,149,False,False,False,MONITORING
505,192,False,False,False,NO SAFETY VEST
506,5,True,False,False,NO SAFETY VEST | NO MASK
506,3,False,False,False,NO HARDHAT | NO SAFETY VEST | NO MASK
506,149,False,False,False,MONITORING
506,192,False,False,False,NO SAFETY VEST
507,5,True,False,False,NO SAFETY VEST | NO MASK
507,3,False,False,False,NO HARDHAT | NO SAFETY VEST | NO MASK
507,149,False,False,False,MONITORING
507,192,False,False,False,NO SAFETY VEST
508,5,True,False,False,NO SAFETY VEST | NO MASK
508,3,False,False,False,NO HARDHAT | NO SAFETY VEST | NO MASK
508,149,False,False,False,MONITORING
508,192,False,False,False,NO SAFETY VEST
509,5,True,False,False,NO SAFETY VEST | NO MASK
509,3,False,False,False,NO HARDHAT | NO SAFETY VEST | NO MASK
509,149,False,False,False,MONITORING
509,192,False,False,False,NO SAFETY VEST
510,5,True,False,False,NO SAFETY VEST | NO MASK
510,3,False,False,False,NO HARDHAT | NO SAFETY VEST | NO MASK
510,149,False,False,False,MONITORING
510,192,False,False,False,NO SAFETY VEST
511,5,True,False,False,NO SAFETY VEST | NO MASK
511,3,False,False,False,NO HARDHAT | NO SAFETY VEST | NO MASK
511,149,False,False,False,MONITORING
511,192,False,False,False,NO SAFETY VEST
512,5,True,False,False,NO SAFETY VEST | NO MASK
512,3,False,False,False,NO HARDHAT | NO SAFETY VEST | NO MASK
512,149,False,False,False,MONITORING
512,192,False,False,False,NO SAFETY VEST
513,5,True,False,False,NO SAFETY VEST | NO MASK
513,3,False,False,False,NO HARDHAT | NO SAFETY VEST | NO MASK
513,149,False,False,False,MONITORING
513,192,False,False,False,MONITORING
514,5,True,False,False,NO SAFETY VEST | NO MASK
514,3,False,False,False,NO HARDHAT | NO SAFETY VEST | NO MASK
514,149,False,False,False,MONITORING
514,192,False,False,False,MONITORING
515,5,True,False,False,NO SAFETY VEST | NO MASK
515,3,False,False,False,NO HARDHAT | NO SAFETY VEST | NO MASK
515,149,False,False,False,MONITORING
515,192,False,False,False,MONITORING
515,220,False,False,False,MONITORING
516,5,True,False,False,NO SAFETY VEST
516,3,False,False,False,NO HARDHAT | NO SAFETY VEST | NO MASK
516,149,False,False,False,MONITORING
516,192,False,False,False,MONITORING
516,220,False,False,False,MONITORING
517,5,True,False,False,NO SAFETY VEST
517,3,False,False,False,NO HARDHAT | NO SAFETY VEST
517,149,True,False,False,MONITORING
517,192,False,False,False,MONITORING
517,220,True,False,False,MONITORING
518,5,True,False,False,NO SAFETY VEST
518,3,False,False,False,NO HARDHAT | NO SAFETY VEST
518,149,True,False,False,MONITORING
518,192,False,False,False,MONITORING
519,5,True,False,False,NO SAFETY VEST
519,3,False,False,False,NO HARDHAT | NO SAFETY VEST
519,149,True,False,False,MONITORING
519,192,False,False,False,MONITORING
520,5,True,False,False,NO SAFETY VEST
520,3,False,False,False,NO HARDHAT | NO SAFETY VEST | NO MASK
520,149,True,False,False,MONITORING
520,192,False,False,False,MONITORING
521,5,True,False,False,NO SAFETY VEST | NO MASK
521,3,False,False,False,NO HARDHAT | NO SAFETY VEST | NO MASK
521,149,True,False,False,MONITORING
521,192,False,False,False,MONITORING
522,5,True,False,False,NO SAFETY VEST | NO MASK
522,3,False,False,False,NO HARDHAT | NO SAFETY VEST | NO MASK
522,149,True,False,False,MONITORING
522,192,False,False,False,NO SAFETY VEST
523,5,True,False,False,NO SAFETY VEST | NO MASK
523,3,False,False,False,NO HARDHAT | NO SAFETY VEST | NO MASK
523,149,True,False,False,MONITORING
523,192,False,False,False,NO SAFETY VEST
524,5,True,False,False,NO SAFETY VEST | NO MASK
524,3,False,False,False,NO HARDHAT | NO SAFETY VEST | NO MASK
524,149,True,False,False,NO HARDHAT
524,192,False,False,False,NO SAFETY VEST
525,5,True,False,False,NO SAFETY VEST | NO MASK
525,3,False,False,False,NO HARDHAT | NO SAFETY VEST | NO MASK
525,149,True,False,False,NO HARDHAT
525,192,False,False,False,NO SAFETY VEST
526,5,True,False,False,NO SAFETY VEST
526,3,False,False,False,NO HARDHAT | NO SAFETY VEST | NO MASK
526,149,True,False,False,NO HARDHAT
526,192,False,False,False,NO SAFETY VEST
527,5,True,False,False,NO SAFETY VEST
527,3,False,False,False,NO HARDHAT | NO SAFETY VEST | NO MASK
527,192,False,False,False,NO SAFETY VEST
528,5,True,False,False,NO SAFETY VEST
528,3,False,False,False,NO HARDHAT | NO SAFETY VEST | NO MASK
528,192,False,False,False,NO SAFETY VEST
529,5,True,False,False,NO SAFETY VEST
529,3,False,False,False,NO HARDHAT | NO SAFETY VEST | NO MASK
530,5,True,False,False,NO SAFETY VEST
530,3,False,False,False,NO HARDHAT | NO SAFETY VEST | NO MASK
530,149,False,False,False,NO HARDHAT
531,5,True,False,False,NO SAFETY VEST
531,3,False,False,False,NO HARDHAT | NO SAFETY VEST | NO MASK
531,149,True,False,False,NO HARDHAT
532,5,True,False,False,NO SAFETY VEST
532,3,False,False,False,NO HARDHAT | NO SAFETY VEST
532,149,True,False,False,MONITORING
533,5,True,False,False,NO SAFETY VEST
533,3,False,False,False,NO HARDHAT | NO SAFETY VEST
533,149,True,False,False,MONITORING
534,5,True,False,False,NO SAFETY VEST
534,3,False,False,False,NO HARDHAT | NO SAFETY VEST
534,149,False,False,False,MONITORING
535,5,True,False,False,NO SAFETY VEST
535,3,False,False,False,NO HARDHAT | NO SAFETY VEST
535,149,False,False,False,MONITORING
536,5,True,False,False,NO SAFETY VEST
536,3,False,False,False,NO HARDHAT | NO SAFETY VEST
537,5,True,False,False,NO SAFETY VEST
537,3,False,False,False,NO HARDHAT | NO SAFETY VEST
538,5,True,False,False,MONITORING
538,3,False,False,False,NO HARDHAT | NO SAFETY VEST
538,149,False,False,False,MONITORING
539,5,True,False,False,MONITORING
539,3,False,False,False,NO HARDHAT | NO SAFETY VEST
539,149,False,False,False,MONITORING
540,5,True,False,False,MONITORING
540,3,False,False,False,NO HARDHAT | NO SAFETY VEST
540,149,False,False,False,MONITORING
541,5,True,False,False,NO SAFETY VEST
541,3,False,False,False,NO HARDHAT | NO SAFETY VEST
541,149,False,False,False,MONITORING
542,5,True,False,False,NO SAFETY VEST
542,3,False,False,False,NO HARDHAT | NO SAFETY VEST
542,149,False,False,False,MONITORING
543,5,True,False,False,NO SAFETY VEST
543,3,False,False,False,NO HARDHAT | NO SAFETY VEST
543,149,True,False,False,MONITORING
544,5,True,False,False,NO SAFETY VEST
544,3,False,False,False,NO HARDHAT | NO SAFETY VEST
544,149,True,False,False,MONITORING
545,5,True,False,False,NO SAFETY VEST
545,3,False,False,False,NO HARDHAT | NO SAFETY VEST
545,149,False,False,False,MONITORING
546,5,True,False,False,NO SAFETY VEST
546,3,False,False,False,NO HARDHAT | NO SAFETY VEST
546,149,False,False,False,MONITORING
547,5,True,False,False,MONITORING
547,3,False,False,False,NO HARDHAT | NO SAFETY VEST
547,149,False,False,False,MONITORING
548,5,True,False,False,MONITORING
548,3,False,False,False,NO HARDHAT | NO SAFETY VEST
548,149,False,False,False,MONITORING
549,5,True,False,False,MONITORING
549,3,False,False,False,NO HARDHAT | NO SAFETY VEST
549,149,False,False,False,MONITORING
550,5,True,False,False,MONITORING
550,3,False,False,False,NO HARDHAT | NO SAFETY VEST
550,149,False,False,False,MONITORING
551,5,True,False,False,MONITORING
551,3,False,False,False,NO HARDHAT | NO SAFETY VEST
551,149,False,False,False,MONITORING
552,5,True,False,False,MONITORING
552,3,False,False,False,NO HARDHAT | NO SAFETY VEST
552,149,False,False,False,MONITORING
553,5,False,False,False,MONITORING
553,3,False,False,False,NO HARDHAT | NO SAFETY VEST
553,149,False,False,False,MONITORING
554,5,True,False,False,MONITORING
554,3,False,False,False,NO HARDHAT | NO SAFETY VEST
554,149,False,False,False,MONITORING
555,5,False,False,False,MONITORING
555,3,False,False,False,NO HARDHAT | NO SAFETY VEST
555,149,False,False,False,MONITORING
556,5,False,False,False,MONITORING
556,3,False,False,False,NO HARDHAT | NO SAFETY VEST
556,149,False,False,False,MONITORING
557,5,False,False,False,MONITORING
557,3,False,False,False,NO HARDHAT | NO SAFETY VEST
557,149,False,False,False,NO SAFETY VEST
558,5,False,False,False,MONITORING
558,3,False,False,False,NO HARDHAT | NO SAFETY VEST
558,149,False,False,False,NO SAFETY VEST
558,245,False,False,False,MONITORING
559,5,False,False,False,MONITORING
559,3,False,False,False,NO HARDHAT | NO SAFETY VEST
559,149,False,False,False,NO SAFETY VEST
559,245,False,False,False,MONITORING
560,5,False,False,False,MONITORING
560,3,False,False,False,NO HARDHAT | NO SAFETY VEST
560,149,False,False,False,NO SAFETY VEST
560,245,False,False,False,MONITORING
561,5,False,False,False,MONITORING
561,3,False,False,False,NO HARDHAT | NO SAFETY VEST
561,149,False,False,False,NO SAFETY VEST
561,245,False,False,False,MONITORING
562,5,False,False,False,MONITORING
562,3,False,False,False,NO HARDHAT | NO SAFETY VEST
562,149,False,False,False,NO SAFETY VEST
563,5,False,False,False,MONITORING
563,3,False,False,False,NO HARDHAT | NO SAFETY VEST
563,149,False,False,False,NO SAFETY VEST
563,245,False,False,False,MONITORING
564,5,False,False,False,MONITORING
564,3,False,False,False,NO HARDHAT | NO SAFETY VEST
564,149,False,False,False,NO SAFETY VEST
564,245,False,False,False,MONITORING
565,5,False,False,False,MONITORING
565,3,False,False,False,NO HARDHAT | NO SAFETY VEST
565,149,False,False,False,NO SAFETY VEST
565,245,False,False,False,MONITORING
566,5,False,False,False,MONITORING
566,3,False,False,False,NO HARDHAT | NO SAFETY VEST
566,149,False,False,False,NO SAFETY VEST
566,245,False,False,False,MONITORING
567,5,False,False,False,MONITORING
567,3,False,False,False,NO HARDHAT | NO SAFETY VEST
567,149,False,False,False,MONITORING
567,245,False,False,False,MONITORING
568,5,False,False,False,MONITORING
568,3,False,False,False,NO HARDHAT | NO SAFETY VEST
568,245,False,False,False,MONITORING
569,5,False,False,False,MONITORING
569,3,False,False,False,NO HARDHAT | NO SAFETY VEST
569,245,False,False,False,MONITORING
569,149,False,False,False,MONITORING
570,5,False,False,False,MONITORING
570,3,False,False,False,NO HARDHAT | NO SAFETY VEST
570,245,False,False,False,MONITORING
570,149,False,False,False,MONITORING
571,5,False,False,False,MONITORING
571,3,False,False,False,NO HARDHAT | NO SAFETY VEST
571,245,False,False,False,MONITORING
571,149,False,False,False,NO SAFETY VEST
572,5,False,False,False,MONITORING
572,3,False,False,False,NO HARDHAT | NO SAFETY VEST
572,149,False,False,False,NO SAFETY VEST
573,5,False,False,False,NO SAFETY VEST
573,3,False,False,False,NO HARDHAT | NO SAFETY VEST
573,149,False,False,False,NO SAFETY VEST
574,5,False,False,False,NO SAFETY VEST
574,3,False,False,False,NO HARDHAT | NO SAFETY VEST
574,149,False,False,False,NO SAFETY VEST
575,5,False,False,False,NO SAFETY VEST
575,3,False,False,False,NO HARDHAT | NO SAFETY VEST
575,149,False,False,False,NO SAFETY VEST
576,5,False,False,False,NO SAFETY VEST
576,3,False,False,False,NO HARDHAT | NO SAFETY VEST
576,149,False,False,False,NO SAFETY VEST
577,5,False,False,False,NO SAFETY VEST
577,3,False,False,False,NO HARDHAT | NO SAFETY VEST
577,149,False,False,False,NO SAFETY VEST
578,5,False,False,False,NO SAFETY VEST
578,3,False,False,False,NO HARDHAT | NO SAFETY VEST
578,149,False,False,False,NO SAFETY VEST
579,5,False,False,False,MONITORING
579,3,False,False,False,NO HARDHAT | NO SAFETY VEST
579,149,False,False,False,NO SAFETY VEST
580,5,True,False,False,MONITORING
580,3,False,False,False,NO HARDHAT | NO SAFETY VEST | NO MASK
580,149,False,False,False,NO SAFETY VEST
581,5,True,False,False,MONITORING
581,3,False,False,False,NO HARDHAT | NO SAFETY VEST | NO MASK
581,149,False,False,False,MONITORING
582,5,True,False,False,MONITORING
582,3,False,False,False,NO HARDHAT | NO SAFETY VEST | NO MASK
582,149,False,False,False,MONITORING
583,5,True,False,False,MONITORING
583,3,False,False,False,NO HARDHAT | NO SAFETY VEST | NO MASK
583,149,False,False,False,MONITORING
584,5,True,False,False,MONITORING
584,3,False,False,False,NO HARDHAT | NO SAFETY VEST | NO MASK
584,149,False,False,False,MONITORING
585,5,True,False,False,MONITORING
585,3,False,False,False,NO HARDHAT | NO SAFETY VEST
585,149,False,False,False,MONITORING
586,5,True,False,False,MONITORING
586,3,False,False,False,NO HARDHAT | NO SAFETY VEST
586,149,False,False,False,MONITORING
587,5,True,False,False,MONITORING
587,3,False,False,False,NO HARDHAT | NO SAFETY VEST
587,149,False,False,False,MONITORING
588,5,True,False,False,MONITORING
588,3,False,False,False,NO HARDHAT | NO SAFETY VEST
588,149,False,False,False,MONITORING
589,5,True,False,False,MONITORING
589,3,False,False,False,NO HARDHAT | NO SAFETY VEST
589,149,False,False,False,MONITORING
590,5,True,False,False,NO MASK
590,3,False,False,False,NO HARDHAT | NO SAFETY VEST
590,245,False,False,False,MONITORING
591,5,True,False,False,NO SAFETY VEST | NO MASK
591,3,False,False,False,NO HARDHAT | NO SAFETY VEST
591,245,False,False,False,MONITORING
592,5,True,False,False,NO SAFETY VEST | NO MASK
592,3,False,False,False,NO HARDHAT | NO SAFETY VEST | NO MASK
593,5,True,False,False,NO SAFETY VEST | NO MASK
593,3,False,False,False,NO HARDHAT | NO SAFETY VEST | NO MASK
594,5,True,False,False,NO SAFETY VEST | NO MASK
594,3,False,False,False,NO HARDHAT | NO SAFETY VEST | NO MASK
595,5,True,False,False,NO SAFETY VEST | NO MASK
595,3,False,False,False,NO HARDHAT | NO SAFETY VEST | NO MASK
596,5,True,False,False,NO SAFETY VEST | NO MASK
596,3,False,False,False,NO HARDHAT | NO SAFETY VEST | NO MASK
597,5,True,False,False,NO SAFETY VEST
597,3,False,False,False,NO HARDHAT | NO SAFETY VEST
598,5,True,False,False,NO SAFETY VEST
598,3,False,False,False,NO HARDHAT | NO SAFETY VEST
599,5,True,False,False,NO SAFETY VEST
599,3,False,False,False,NO HARDHAT | NO SAFETY VEST
600,5,True,False,False,NO SAFETY VEST
600,3,False,False,False,NO HARDHAT | NO SAFETY VEST
601,5,True,False,False,NO SAFETY VEST
601,3,False,False,False,NO HARDHAT | NO SAFETY VEST
602,5,True,False,False,NO SAFETY VEST
602,3,False,False,False,NO HARDHAT | NO SAFETY VEST
603,5,True,False,False,MONITORING
603,3,False,False,False,NO HARDHAT | NO SAFETY VEST
604,5,True,False,False,MONITORING
604,3,False,False,False,NO HARDHAT | NO SAFETY VEST
605,5,True,False,False,MONITORING
605,3,False,False,False,NO HARDHAT | NO SAFETY VEST
606,5,True,False,False,MONITORING
606,3,False,False,False,NO HARDHAT | NO SAFETY VEST
607,5,True,False,False,NO MASK
607,3,False,False,False,NO HARDHAT | NO SAFETY VEST
607,245,False,False,False,MONITORING
608,5,True,False,False,NO MASK
608,3,False,False,False,NO HARDHAT | NO SAFETY VEST
608,245,False,False,False,MONITORING
609,5,True,False,False,NO MASK
609,3,False,False,False,NO HARDHAT | NO SAFETY VEST
609,245,False,False,False,MONITORING
610,5,True,False,False,NO SAFETY VEST | NO MASK
610,3,False,False,False,NO HARDHAT | NO SAFETY VEST
611,5,True,False,False,NO SAFETY VEST | NO MASK
611,3,False,False,False,NO HARDHAT | NO SAFETY VEST | NO MASK
612,5,True,False,False,NO SAFETY VEST | NO MASK
612,3,False,False,False,NO HARDHAT | NO SAFETY VEST | NO MASK
612,245,False,False,False,MONITORING
613,5,True,False,False,NO SAFETY VEST | NO MASK
613,3,False,False,False,NO HARDHAT | NO SAFETY VEST | NO MASK
613,245,False,False,False,MONITORING
614,5,True,False,False,NO SAFETY VEST | NO MASK
614,3,False,False,False,NO HARDHAT | NO SAFETY VEST | NO MASK
614,245,False,False,False,MONITORING
615,5,True,False,False,NO SAFETY VEST | NO MASK
615,3,False,False,False,NO HARDHAT | NO SAFETY VEST | NO MASK
615,245,False,False,False,MONITORING
616,5,True,False,False,NO SAFETY VEST | NO MASK
616,3,False,False,False,NO HARDHAT | NO SAFETY VEST
616,245,False,False,False,MONITORING
617,5,True,False,False,NO SAFETY VEST | NO MASK
617,3,False,False,False,NO HARDHAT | NO SAFETY VEST
618,5,True,False,False,NO SAFETY VEST | NO MASK
618,3,False,False,False,NO HARDHAT | NO SAFETY VEST
619,5,True,False,False,NO SAFETY VEST | NO MASK
619,3,False,False,False,NO HARDHAT | NO SAFETY VEST
620,5,True,False,False,NO SAFETY VEST | NO MASK
620,3,False,False,False,NO HARDHAT | NO SAFETY VEST
621,5,True,False,False,NO SAFETY VEST | NO MASK
621,3,False,False,False,NO HARDHAT | NO SAFETY VEST
622,5,True,False,False,NO SAFETY VEST | NO MASK
622,3,False,False,False,NO HARDHAT | NO SAFETY VEST
623,5,True,False,False,NO SAFETY VEST | NO MASK
623,3,False,False,False,NO HARDHAT | NO SAFETY VEST
624,5,True,False,False,NO SAFETY VEST | NO MASK
624,3,False,False,False,NO HARDHAT | NO SAFETY VEST
625,5,True,False,False,NO SAFETY VEST | NO MASK
625,3,False,False,False,NO HARDHAT | NO SAFETY VEST
626,5,True,False,False,NO SAFETY VEST | NO MASK
626,3,False,False,False,NO HARDHAT | NO SAFETY VEST
627,5,True,False,False,NO SAFETY VEST | NO MASK
627,3,False,False,False,NO HARDHAT | NO SAFETY VEST
628,5,True,False,False,NO SAFETY VEST | NO MASK
628,3,False,False,False,NO HARDHAT | NO SAFETY VEST
629,5,True,False,False,NO SAFETY VEST | NO MASK
629,3,False,False,False,NO HARDHAT | NO SAFETY VEST
630,5,True,False,False,NO SAFETY VEST | NO MASK
630,3,False,False,False,NO HARDHAT | NO SAFETY VEST
631,5,True,False,False,NO SAFETY VEST | NO MASK
631,3,False,False,False,NO HARDHAT | NO SAFETY VEST
632,5,True,False,False,NO SAFETY VEST | NO MASK
632,3,False,False,False,NO HARDHAT | NO SAFETY VEST
633,5,True,False,False,NO SAFETY VEST | NO MASK
633,3,False,False,False,NO HARDHAT | NO SAFETY VEST
634,5,True,False,False,NO SAFETY VEST | NO MASK
634,3,False,False,False,NO HARDHAT | NO SAFETY VEST
635,5,True,False,False,NO SAFETY VEST | NO MASK
635,3,False,False,False,NO HARDHAT | NO SAFETY VEST
636,5,True,False,False,NO SAFETY VEST | NO MASK
636,3,False,False,False,NO HARDHAT | NO SAFETY VEST | NO MASK
637,5,True,False,False,NO SAFETY VEST | NO MASK
637,3,False,False,False,NO HARDHAT | NO SAFETY VEST | NO MASK
638,5,True,False,False,NO SAFETY VEST | NO MASK
638,3,False,False,False,NO HARDHAT | NO SAFETY VEST | NO MASK
639,5,True,False,False,NO SAFETY VEST | NO MASK
639,3,False,False,False,NO HARDHAT | NO SAFETY VEST | NO MASK
640,5,True,False,False,NO SAFETY VEST
640,3,False,False,False,NO HARDHAT | NO SAFETY VEST | NO MASK
641,5,True,False,False,NO SAFETY VEST
641,3,False,False,False,NO HARDHAT | NO SAFETY VEST | NO MASK
642,5,True,False,False,NO SAFETY VEST
642,3,False,False,False,NO HARDHAT | NO SAFETY VEST | NO MASK
642,245,False,False,False,MONITORING
643,5,True,False,False,NO SAFETY VEST
643,3,False,False,False,NO HARDHAT | NO SAFETY VEST | NO MASK
644,5,True,False,False,NO SAFETY VEST
644,3,False,False,False,NO HARDHAT | NO SAFETY VEST | NO MASK
644,245,False,False,False,MONITORING
645,5,True,False,False,NO SAFETY VEST
645,3,False,False,False,NO HARDHAT | NO SAFETY VEST | NO MASK
645,245,False,False,False,MONITORING
646,5,True,False,False,NO SAFETY VEST
646,3,False,False,False,NO HARDHAT | NO SAFETY VEST | NO MASK
647,5,True,False,False,NO SAFETY VEST
647,3,False,False,False,NO HARDHAT | NO SAFETY VEST | NO MASK
648,5,True,False,False,NO SAFETY VEST
648,3,False,False,False,NO HARDHAT | NO SAFETY VEST | NO MASK
648,279,False,False,False,MONITORING
649,5,True,False,False,NO SAFETY VEST
649,3,False,False,False,NO HARDHAT | NO SAFETY VEST | NO MASK
649,279,False,False,False,MONITORING
650,5,True,False,False,NO SAFETY VEST
650,3,False,False,False,NO HARDHAT | NO SAFETY VEST
650,279,False,False,False,MONITORING
651,5,True,False,False,NO SAFETY VEST
651,3,False,False,False,NO HARDHAT | NO SAFETY VEST
651,279,False,False,False,MONITORING
652,5,True,False,False,NO SAFETY VEST
652,3,False,False,False,NO HARDHAT | NO SAFETY VEST
653,5,True,False,False,NO SAFETY VEST | NO MASK
653,3,False,False,False,NO HARDHAT | NO SAFETY VEST
654,5,True,False,False,NO SAFETY VEST | NO MASK
654,3,False,False,False,NO HARDHAT | NO SAFETY VEST
655,5,True,False,False,NO SAFETY VEST | NO MASK
655,3,False,False,False,NO HARDHAT | NO SAFETY VEST
656,5,True,False,False,NO SAFETY VEST | NO MASK
656,3,False,False,False,NO HARDHAT | NO SAFETY VEST
657,5,True,False,False,NO SAFETY VEST | NO MASK
657,3,False,False,False,NO HARDHAT | NO SAFETY VEST
658,5,True,False,False,NO SAFETY VEST | NO MASK
658,3,False,False,False,NO HARDHAT | NO SAFETY VEST
659,5,True,False,False,MONITORING
659,3,False,False,False,NO HARDHAT | NO SAFETY VEST
659,291,False,False,False,MONITORING
660,5,True,False,False,MONITORING
660,3,False,False,False,NO HARDHAT | NO SAFETY VEST
660,291,True,False,False,MONITORING
661,5,True,False,False,MONITORING
661,3,False,False,False,NO HARDHAT | NO SAFETY VEST
661,291,False,False,False,MONITORING
662,5,True,False,False,MONITORING
662,3,False,False,False,NO HARDHAT | NO SAFETY VEST
662,291,False,False,False,MONITORING
663,5,True,False,False,MONITORING
663,3,False,False,False,NO HARDHAT | NO SAFETY VEST
663,291,False,False,False,MONITORING
664,5,True,False,False,MONITORING
664,3,False,False,False,NO HARDHAT | NO SAFETY VEST
665,5,True,False,False,MONITORING
665,3,False,False,False,NO HARDHAT | NO SAFETY VEST
666,5,True,False,False,MONITORING
666,3,False,False,False,NO HARDHAT | NO SAFETY VEST
667,5,True,False,False,MONITORING
667,3,False,False,False,NO HARDHAT | NO SAFETY VEST
668,5,True,False,False,MONITORING
668,3,False,False,False,NO HARDHAT | NO SAFETY VEST
669,5,True,False,False,MONITORING
669,3,False,False,False,NO HARDHAT | NO SAFETY VEST
670,5,True,False,False,MONITORING
670,3,False,False,False,NO HARDHAT | NO SAFETY VEST
671,5,True,False,False,NO MASK
671,3,False,False,False,NO HARDHAT | NO SAFETY VEST
672,5,True,False,False,NO MASK
672,3,False,False,False,NO HARDHAT | NO SAFETY VEST
673,5,True,False,False,NO MASK
673,3,False,False,False,NO HARDHAT | NO SAFETY VEST
674,5,True,False,False,NO MASK
674,3,False,False,False,NO HARDHAT | NO SAFETY VEST
675,5,True,False,False,MONITORING
675,3,False,False,False,NO HARDHAT | NO SAFETY VEST
676,5,True,False,False,NO SAFETY VEST
676,3,False,False,False,NO HARDHAT | NO SAFETY VEST
677,5,True,False,False,NO SAFETY VEST
677,3,False,False,False,NO HARDHAT | NO SAFETY VEST
678,5,True,False,False,NO SAFETY VEST
678,3,False,False,False,NO HARDHAT | NO SAFETY VEST
679,5,True,False,False,NO SAFETY VEST
679,3,False,False,False,NO HARDHAT | NO SAFETY VEST
680,5,True,False,False,MONITORING
680,3,False,False,False,NO HARDHAT | NO SAFETY VEST
681,5,True,False,False,MONITORING
681,3,False,False,False,NO HARDHAT | NO SAFETY VEST
682,5,True,False,False,MONITORING
682,3,False,False,False,NO HARDHAT | NO SAFETY VEST
683,5,True,False,False,MONITORING
683,3,False,False,False,NO HARDHAT | NO SAFETY VEST
684,5,True,False,False,MONITORING
684,3,False,False,False,NO HARDHAT | NO SAFETY VEST
